ORDERNUMBER,QUANTITYORDERED,PRICEEACH,ORDERLINENUMBER,SALES,
10107,30,95.7,2,2871,
10121,34,81.35,5,2765.9,
10134,41,94.74,2,3884.34,
10145,45,83.26,6,3746.7,
10159,49,100,14,5205.27,
10168,36,96.66,1,3479.76,
10180,29,86.13,9,2497.77,
10188,48,100,1,5512.32,
10201,22,98.57,2,2168.54,
10211,41,100,14,4708.44,
10223,37,100,1,3965.66,
10237,23,100,7,2333.12,
10251,28,100,2,3188.64,
10263,34,100,2,3676.76,
10275,45,92.83,1,4177.35,
10285,36,100,6,4099.68,
10299,23,100,9,2597.39,
10309,41,100,5,4394.38,
10318,46,94.74,1,4358.04,
10329,42,100,1,4396.14,
10341,41,100,9,7737.93,
10361,20,72.55,13,1451,
10375,21,34.91,12,733.11,
10388,42,76.36,4,3207.12,
10403,24,100,7,2434.56,
10417,66,100,2,7516.08,
10103,26,100,11,5404.62,
10112,29,100,1,7209.11,
10126,38,100,11,7329.06,
10140,37,100,11,7374.1,
10150,45,100,8,10993.5,
10163,21,100,1,4860.24,
10174,34,100,4,8014.82,
10183,23,100,8,5372.57,
10194,42,100,11,7290.36,
10206,47,100,6,9064.89,
10215,35,100,3,6075.3,
10228,29,100,2,6463.23,
10245,34,100,9,6120.34,
10258,32,100,6,7680.64,
10270,21,100,9,4905.39,
10280,34,100,2,8014.82,
10291,37,100,11,7136.19,
10304,47,100,6,10172.7,
10312,48,100,3,11623.7,
10322,40,100,1,6000.4,
10333,26,100,3,3003,
10347,30,100,1,3944.7,
10357,32,100,10,5691.84,
10369,41,100,2,4514.92,
10381,36,100,3,8254.8,
10391,24,100,4,2416.56,
10411,23,100,9,4140.23,
10424,50,100,6,12001,
10107,39,99.91,5,3896.49,
10120,29,96.34,3,2793.86,
10134,27,100,5,3307.77,
10145,37,100,9,5192.95,
10159,37,100,17,5016.83,
10168,27,100,4,3660.93,
10180,42,100,12,4695.6,
10188,38,96.34,4,3660.92,
10201,24,100,5,3025.92,
10210,23,100,2,3009.09,
10223,47,100,4,5422.39,
10236,22,100,1,2852.08,
10251,44,100,5,5756.52,
10263,40,100,5,4472,
10275,22,100,4,2904.44,
10285,47,100,9,6484.59,
10298,39,96.34,1,3757.26,
10308,34,100,2,4043.96,
10318,45,100,4,5566.5,
10329,20,100,2,3176,
10339,40,68.92,4,2756.8,
10361,26,51.15,8,1329.9,
10374,39,100,5,5288.01,
10388,50,44.51,5,2225.5,
10402,45,100,1,5833.8,
10417,45,100,5,5887.35,
10107,27,100,4,6065.55,
10120,46,100,2,9264.86,
10134,31,100,4,7023.98,
10145,33,100,8,5176.38,
10159,22,100,16,4132.7,
10168,20,100,3,4183,
10180,41,100,11,8892.9,
10188,45,100,3,8714.7,
10201,49,100,4,8065.89,
10210,34,100,1,6123.4,
10223,49,100,3,9774.03,
10237,39,100,9,7023.9,
10251,43,100,4,7078.23,
10263,41,100,4,8336.94,
10275,36,100,3,6901.92,
10285,27,100,8,5438.07,
10299,29,100,11,6683.34,
10308,20,100,1,4570.4,
10318,37,100,3,7667.14,
10329,26,100,3,5868.2,
10339,39,76.67,3,2990.13,
10362,22,100,4,3664.1,
10374,22,100,1,3834.38,
10388,21,86.77,7,1822.17,
10403,66,100,9,11886.6,
10417,56,100,4,9218.16,
10105,50,100,2,7208,
10119,46,100,11,5004.8,
10129,33,100,2,4398.24,
10143,49,100,15,5597.76,
10155,32,100,13,4526.08,
10167,44,100,9,5924.16,
10178,24,100,12,3492.48,
10186,26,100,9,3854.24,
10197,45,100,6,5324.4,
10209,39,100,8,5197.92,
10222,49,100,12,5997.6,
10248,20,100,3,2910.4,
10261,27,100,1,3378.24,
10273,30,100,4,3508.8,
10283,25,100,6,2992,
10295,24,100,1,3427.2,
10307,22,100,9,2692.8,
10316,33,100,17,4128.96,
10325,47,64.93,6,3051.71,
10337,25,48.05,8,1201.25,
10350,26,75.47,5,1962.22,
10359,48,54.68,6,2624.64,
10373,39,100,3,4046.25,
10384,34,100,4,4846.7,
10395,32,100,2,3370.56,
10400,64,100,9,9661.44,
10414,19,100,3,2764.88,
10103,42,100,4,5398.26,
10114,31,100,8,4305.28,
10126,22,100,4,3347.74,
10140,26,100,4,3188.12,
10150,20,100,1,3191.2,
10164,21,100,2,3536.82,
10175,33,100,9,5362.83,
10183,28,100,1,3433.36,
10194,26,100,4,4263.74,
10207,31,100,15,4076.19,
10217,48,100,4,7020.48,
10229,50,100,9,6426.5,
10245,28,100,2,4591.72,
10259,26,100,12,4033.38,
10270,32,100,2,4302.08,
10281,44,100,9,7020.64,
10291,30,100,4,3855.9,
10305,38,100,13,6680.78,
10313,40,100,7,6678,
10322,46,61.99,8,2851.54,
10334,26,100,2,3188.12,
10347,27,100,2,4428,
10357,43,100,9,5780.92,
10370,35,65.63,4,2297.05,
10381,37,100,6,6231.54,
10391,37,46.9,7,1735.3,
10411,27,100,2,4427.73,
10425,38,100,12,5894.94,
10108,33,100,6,5265.15,
10122,42,100,10,7599.9,
10135,42,100,7,8008.56,
10147,48,100,7,9245.76,
10159,41,100,2,8296.35,
10169,30,100,2,5019.9,
10181,27,100,14,5411.07,
10191,21,100,3,3840.9,
10203,20,100,8,3930.4,
10211,41,100,2,7498.9,
10225,27,100,9,4517.91,
10238,28,100,3,5774.72,
10253,24,100,13,3922.56,
10266,44,100,14,9160.36,
10276,50,100,3,9631,
10287,21,100,12,3432.24,
10300,33,100,5,5521.89,
10310,33,100,10,6934.62,
10320,31,100,3,6876.11,
10329,41,71.47,5,2930.27,
10341,45,79.65,2,3584.25,
10363,33,85.39,3,2817.87,
10375,45,76,7,3420,
10389,26,99.04,4,2575.04,
10419,12,100,13,1961.28,
10105,41,100,15,8690.36,
10117,33,100,9,6034.38,
10127,46,100,2,11279.2,
10142,33,100,12,8023.29,
10153,20,100,11,4904,
10165,44,100,3,8594.52,
10176,33,100,2,7474.5,
10185,21,100,13,3883.74,
10196,47,100,5,8887.7,
10208,46,100,13,8602.92,
10220,32,100,2,7181.44,
10231,42,100,2,8378.58,
10247,44,100,2,10606.2,
10272,35,100,2,5818.4,
10282,41,100,5,7071.27,
10293,46,100,8,8411.56,
10306,31,100,13,6570.76,
10314,38,100,5,7975.44,
10325,42,64,8,2688,
10336,33,57.22,10,1888.26,
10348,48,52.36,8,2513.28,
10359,42,100,8,4764.48,
10371,32,100,6,3560.64,
10382,34,100,10,3823.64,
10395,33,69.12,1,2280.96,
10413,36,100,2,8677.8,
10103,27,100,8,3394.98,
10113,21,100,2,3415.44,
10126,21,100,8,2439.57,
10140,38,100,8,4829.8,
10150,30,100,5,4100.1,
10164,49,100,6,6563.06,
10174,43,100,1,6817.22,
10183,41,100,5,6163.94,
10194,38,100,8,4933.92,
10206,28,100,3,4056.36,
10216,43,100,1,5759.42,
10229,25,100,13,3451,
10245,38,100,6,5920.4,
10258,41,100,3,6668.24,
10270,28,100,6,4094.72,
10281,25,100,13,2938.5,
10291,41,100,8,6387.8,
10304,39,100,3,6396,
10313,21,100,11,2669.1,
10322,27,100,9,4784.13,
10333,33,99.21,6,3273.93,
10347,29,100,3,3586.43,
10357,49,100,8,5960.36,
10370,49,100,8,8470.14,
10381,20,100,1,2952,
10391,39,63.2,9,2464.8,
10411,40,100,6,6232,
10424,49,100,3,7969.36,
10107,21,100,1,3036.6,
10121,50,100,4,8284,
10134,20,100,1,2711.2,
10145,49,100,5,8339.8,
10159,38,100,13,6238.84,
10169,35,100,13,4639.25,
10180,40,100,8,6747.6,
10189,28,100,1,4512.48,
10201,25,100,1,4029,
10211,36,100,13,4771.8,
10224,43,100,6,6087.94,
10237,32,100,6,4193.28,
10251,46,100,1,7552.28,
10263,48,100,1,6434.4,
10276,43,100,14,5181.5,
10285,49,100,5,6863.92,
10299,24,100,8,4157.04,
10309,26,100,4,4660.24,
10319,30,100,9,4111.8,
10329,24,100,6,3542.64,
10341,55,100,8,8118.55,
10362,22,100,1,3877.06,
10375,49,78.92,13,3867.08,
10388,44,100,6,5951.44,
10403,66,100,6,8648.64,
10417,21,100,1,3447.78,
10104,34,100,1,5958.5,
10117,43,100,10,5911.64,
10127,46,100,3,7366.44,
10142,33,100,13,4985.64,
10153,42,100,12,5393.64,
10165,34,100,4,4880.02,
10176,47,100,3,8378.69,
10185,33,100,14,4038.21,
10196,24,100,6,3807.12,
10208,26,100,14,3142.36,
10220,30,100,3,4713.6,
10230,43,100,1,7016.31,
10247,25,100,3,4381.25,
10272,27,100,3,4283.01,
10282,27,100,6,4364.82,
10293,24,100,9,4242.24,
10306,34,100,14,4982.7,
10314,46,100,6,6393.54,
10324,27,54.33,1,1466.91,
10336,33,100,11,4059.33,
10348,47,100,4,4801.52,
10358,49,55.34,5,2711.66,
10372,40,100,4,5862,
10382,37,100,11,4071.85,
10413,47,100,3,8236.75,
10108,45,100,4,6130.35,
10122,37,99.82,8,3693.34,
10135,48,100,5,6031.68,
10147,31,100,5,3494.94,
10160,46,100,6,5294.14,
10170,47,100,4,5464.69,
10181,28,100,12,2860.76,
10191,40,100,1,5590,
10203,20,100,6,2254.8,
10212,39,100,16,4946.76,
10225,25,99.82,7,2495.5,
10238,29,100,1,3167.38,
10253,22,100,11,2402.84,
10266,22,100,12,2454.54,
10276,47,100,1,5464.69,
10287,45,100,10,4756.5,
10300,29,100,3,3984.6,
10310,24,100,8,3100.32,
10320,35,100,1,4850.3,
10329,46,83.63,13,3846.98,
10341,44,95.93,1,4220.92,
10363,34,96.73,4,3288.82,
10376,35,100,1,3987.2,
10389,25,72.38,6,1809.5,
10419,10,100,11,1092.2,
10105,29,100,14,4566.05,
10117,39,100,8,5938.14,
10127,42,100,1,8138.76,
10142,46,100,11,9470.94,
10153,49,100,10,7036.89,
10165,27,100,2,5559.03,
10176,50,100,1,7872.5,
10185,43,100,12,7886.2,
10196,38,100,4,7232.16,
10208,20,100,12,3114.4,
10220,27,100,1,5045.22,
10231,49,100,1,6952.12,
10247,27,100,1,4157.73,
10272,39,100,1,7962.24,
10282,24,100,4,3778.8,
10293,45,100,7,8253,
10306,20,100,12,3633.4,
10314,36,100,4,6913.8,
10325,24,100,1,2583.6,
10336,49,63.38,1,3105.62,
10349,26,100,10,4408.56,
10359,49,62.09,5,3042.41,
10372,34,100,1,5941.5,
10382,34,95.35,12,3241.9,
10396,33,100,3,6109.29,
10413,22,100,1,3387.78,
10108,39,89.38,7,3485.82,
10122,32,63.84,11,2042.88,
10135,24,75.01,8,1800.24,
10147,21,63.84,8,1340.64,
10159,24,73.42,3,1762.08,
10169,36,63.84,3,2298.24,
10181,20,81.4,15,1628,
10191,30,64.64,4,1939.2,
10203,44,82.99,9,3651.56,
10211,28,92.57,3,2591.96,
10225,37,77.41,10,2864.17,
10238,20,74.21,4,1484.2,
10253,25,90.17,14,2254.25,
10266,35,76.61,15,2681.35,
10276,38,83.79,4,3184.02,
10287,41,69.43,13,2846.63,
10300,22,76.61,6,1685.42,
10310,49,81.4,11,3988.6,
10320,38,73.42,4,2789.96,
10329,33,100,14,3607.56,
10341,36,93.56,10,3368.16,
10363,34,81.62,5,2775.08,
10377,24,67.83,5,1627.92,
10389,36,70.26,7,2529.36,
10419,34,90.17,14,3065.78,
10104,41,100,9,4615.78,
10115,46,100,5,5723.78,
10127,24,100,11,2559.6,
10141,21,100,5,2140.11,
10151,24,100,3,3327.6,
10165,48,100,12,6825.6,
10175,26,100,1,3543.28,
10184,37,100,6,4516.22,
10195,49,100,6,6445.46,
10207,34,99.54,7,3384.36,
10219,48,100,2,4891.68,
10229,36,100,1,4521.96,
10246,46,100,5,5069.66,
10259,46,100,4,6541.2,
10271,31,97.17,5,3012.27,
10281,41,100,1,5247.18,
10292,21,100,8,2214.87,
10305,38,100,5,4773.18,
10314,45,100,14,6185.7,
10324,26,58.38,7,1517.88,
10336,38,100,3,6372.6,
10349,48,100,9,5232.96,
10358,42,64.16,9,2694.72,
10371,49,35.71,4,1749.79,
10382,32,66.58,13,2130.56,
10412,54,100,5,5951.34,
10425,33,100,4,4692.6,
10108,36,100,3,3731.04,
10122,20,100,7,2142,
10135,29,97.89,4,2838.81,
10147,33,97.89,4,3230.37,
10160,50,100,5,5182,
10170,41,100,3,4391.1,
10181,36,100,11,4477.32,
10192,27,100,16,3544.56,
10203,47,100,5,5195.85,
10212,33,100,15,4180.44,
10225,21,100,6,2684.43,
10239,21,93.28,5,1958.88,
10253,41,100,10,4910.57,
10266,40,100,11,4468.4,
10277,28,100,1,3127.88,
10287,23,100,9,2675.13,
10300,23,100,2,2807.61,
10310,25,100,7,2504.75,
10321,24,100,15,2984.88,
10329,39,64.74,15,2524.86,
10341,55,75.2,7,4136,
10363,46,88.45,6,4068.7,
10377,50,100,1,5182,
10389,47,100,8,5243.79,
10405,97,93.28,5,9048.16,
10419,32,100,10,3832.64,
10103,35,100,10,3920,
10113,49,100,4,4916.66,
10126,38,100,10,3857,
10140,32,100,10,4181.44,
10150,34,100,7,4641,
10164,36,99.17,8,3570.12,
10174,48,93.34,3,4480.32,
10183,21,96.84,7,2033.64,
10194,21,93.34,10,1960.14,
10206,34,100,5,3966.78,
10215,46,100,2,5152,
10228,32,100,1,3360,
10245,29,100,8,3451,
10258,41,100,5,5453,
10270,43,96.84,8,4164.12,
10280,24,100,1,2800.08,
10291,41,100,10,4687.94,
10304,46,98,5,4508,
10312,32,100,2,4181.44,
10322,22,100,10,2251.04,
10333,29,40.25,7,1167.25,
10347,42,49.6,5,2083.2,
10357,39,98,1,3822,
10370,27,100,1,3911.49,
10381,48,98,2,4704,
10391,29,85.1,10,2467.9,
10411,27,100,8,3213,
10424,54,100,5,7182,
10109,26,100,4,4379.18,
10122,34,100,2,5004.8,
10136,25,100,2,3644.75,
10148,23,100,13,2702.04,
10161,28,100,12,3764.88,
10171,35,100,2,4508,
10181,44,100,6,5418.16,
10192,22,100,11,3300.66,
10204,42,100,17,6182.4,
10212,29,100,10,4186.73,
10225,32,100,1,4529.28,
10240,41,100,3,5628.89,
10253,26,100,5,3054.48,
10266,21,100,6,2526.51,
10278,34,100,6,4667.86,
10287,41,100,4,6499.32,
10301,37,100,8,5917.78,
10310,37,100,2,6231.91,
10321,41,100,10,5803.14,
10331,46,100,6,6434.02,
10342,40,100,2,6454.4,
10356,43,97.6,8,4196.8,
10365,30,87.06,1,2611.8,
10377,35,100,2,5895.05,
10390,36,93.77,14,3375.72,
10406,61,100,3,8374.69,
10419,38,100,5,4464.24,
10102,39,100,2,4808.31,
10111,33,99.66,6,3288.78,
10125,32,100,1,3254.72,
10139,31,100,7,3184.94,
10149,50,100,4,5907.5,
10162,48,91.44,2,4389.12,
10173,43,100,6,5036.16,
10182,25,87.33,3,2183.25,
10193,28,100,7,3106.88,
10205,36,100,2,3735.72,
10215,27,89.38,10,2413.26,
10227,25,100,3,2953.75,
10244,40,100,7,4684.8,
10256,34,95.55,2,3248.7,
10280,50,100,9,5239.5,
10289,38,100,2,4567.98,
10304,37,95.55,13,3535.35,
10312,43,89.38,10,3843.34,
10322,43,86.3,14,3710.9,
10332,46,95.13,15,4375.98,
10346,42,36.11,3,1516.62,
10356,50,50.18,9,2509,
10369,44,100,8,9240.44,
10380,27,93.16,13,2515.32,
10391,35,100,2,5548.9,
10422,51,95.55,2,4873.05,
10102,41,50.14,1,2055.74,
10111,48,49.06,5,2354.88,
10126,42,54.99,17,2309.58,
10139,49,43.13,6,2113.37,
10149,30,58.22,3,1746.6,
10162,45,51.21,1,2304.45,
10173,48,44.21,5,2122.08,
10182,32,54.45,2,1742.4,
10193,46,53.37,6,2455.02,
10205,48,63.61,1,3053.28,
10215,33,43.13,9,1423.29,
10227,31,48.52,2,1504.12,
10244,20,58.22,6,1164.4,
10256,29,51.75,1,1500.75,
10280,27,57.68,8,1557.36,
10289,24,56.07,1,1345.68,
10304,37,48.52,12,1795.24,
10312,25,44.21,9,1105.25,
10322,41,57.68,5,2364.88,
10332,27,89.89,16,2427.03,
10347,21,58.95,7,1237.95,
10356,22,72.41,6,1593.02,
10369,32,98.63,7,3156.16,
10381,25,52.83,9,1320.75,
10391,42,100,3,4998,
10422,25,51.75,1,1293.75,
10110,37,100,16,5433.08,
10123,26,100,2,3073.72,
10137,44,99.55,2,4380.2,
10148,47,100,9,5848.68,
10161,43,100,8,6153.73,
10172,42,100,6,4965.24,
10181,42,100,2,5435.64,
10192,29,100,7,4258.36,
10204,40,100,13,4032,
10212,38,100,6,4492.36,
10226,38,100,4,4161.38,
10241,21,100,11,2508.66,
10253,24,100,1,3374.88,
10266,36,100,2,5196.6,
10278,23,100,2,2604.52,
10288,20,100,14,2936.8,
10301,32,100,4,3424.64,
10311,29,100,9,2923.2,
10321,44,100,6,4489.76,
10331,44,100,14,4849.24,
10343,36,100,4,5848.92,
10367,49,56.3,1,2758.7,
10378,34,42.64,5,1449.76,
10407,59,100,11,7048.14,
10419,37,100,1,5202.94,
10106,36,100,12,5279.4,
10119,43,100,3,6916.12,
10131,21,100,4,2781.66,
10143,32,100,7,5248,
10155,38,100,5,6531.44,
10167,43,100,1,5763.72,
10178,42,100,4,6490.68,
10186,32,100,1,6004.8,
10198,42,100,4,7483.98,
10210,31,100,17,5719.5,
10222,49,100,4,6954.08,
10250,45,100,14,8160.3,
10262,49,100,9,6567.96,
10274,41,100,1,6724,
10284,45,100,11,5747.85,
10296,36,100,7,5676.84,
10307,39,100,1,7379.97,
10316,27,100,9,3704.13,
10327,25,100,6,2804.75,
10338,41,100,1,5624.79,
10351,39,99.52,1,3881.28,
10373,28,57.55,4,1611.4,
10386,25,54.57,7,1364.25,
10398,33,100,11,4215.09,
10400,34,100,1,6433.82,
10416,24,100,14,4352.16,
10100,30,100,3,5151,
10110,42,100,7,6069,
10124,21,100,6,2856,
10149,34,100,11,5375.4,
10162,29,100,9,5176.5,
10173,24,100,13,3508.8,
10182,44,100,10,7554.8,
10193,21,100,14,3141.6,
10204,33,100,4,5890.5,
10214,30,100,7,5967,
10227,26,100,10,3712.8,
10241,41,100,2,7597.3,
10280,26,100,16,3668.6,
10288,32,100,5,5875.2,
10302,43,100,1,7310,
10312,48,100,17,8078.4,
10331,44,74.04,7,3257.76,
10344,45,100,1,7650,
10367,37,100,3,4703.81,
10379,39,100,2,5399.55,
10407,76,100,2,14082.8,
10420,37,100,5,5283.6,
10108,38,82.39,2,3130.82,
10122,43,72.38,6,3112.34,
10135,48,79.31,3,3806.88,
10147,26,82.39,3,2142.14,
10160,38,88.55,4,3364.9,
10170,20,63.14,2,1262.8,
10181,22,73.92,10,1626.24,
10192,45,90.86,15,4088.7,
10203,45,85.47,4,3846.15,
10212,20,66.99,14,1339.8,
10225,47,64.68,5,3039.96,
10239,46,73.92,4,3400.32,
10253,23,83.93,9,1930.39,
10266,33,74.69,10,2464.77,
10278,29,90.86,10,2634.94,
10287,44,82.39,8,3625.16,
10300,41,92.4,1,3788.4,
10310,20,91.63,6,1832.6,
10321,37,78.54,14,2905.98,
10329,29,100,9,2954.81,
10342,55,65.45,1,3599.75,
10363,22,100,7,3686.54,
10377,31,67.76,4,2100.56,
10389,49,79.22,3,3881.78,
10405,61,73.92,4,4509.12,
10419,39,83.93,9,3273.27,
10109,38,100,3,4432.7,
10122,31,100,1,4100.99,
10136,36,100,1,5274.72,
10148,25,100,12,4232,
10161,48,100,11,6145.44,
10171,35,100,1,4680.2,
10181,21,100,5,3286.08,
10192,47,100,10,7421.3,
10204,38,100,16,6432.64,
10212,41,100,9,4840.87,
10226,24,100,7,3892.08,
10240,37,100,2,5526.32,
10253,33,100,4,4459.62,
10266,49,100,5,6203.4,
10278,29,100,5,3754.05,
10287,24,100,3,3516.48,
10301,47,100,7,7488.04,
10310,24,100,1,3448.08,
10321,25,100,9,3734,
10331,30,32.47,8,974.1,
10342,22,100,3,3160.74,
10356,27,64.69,2,1746.63,
10366,34,100,3,4207.84,
10377,36,100,6,4352.76,
10390,34,43.05,15,1463.7,
10406,48,100,2,7169.28,
10419,34,100,4,4594.76,
10104,24,100,8,3457.92,
10115,46,100,4,7381.16,
10127,45,100,10,7146.9,
10141,39,100,4,5938.53,
10151,43,100,2,7110.91,
10165,29,100,11,5032.95,
10176,20,100,10,3667.6,
10184,46,100,5,7381.16,
10195,27,100,5,5128.11,
10207,44,100,6,7060.24,
10219,43,100,1,8448.64,
10230,49,100,8,7300.51,
10246,40,100,4,6549.2,
10259,30,100,3,5697.9,
10271,50,100,4,9169,
10282,23,100,13,3238.63,
10292,26,100,7,4554.94,
10305,27,100,4,3934.44,
10314,42,100,13,5776.26,
10324,47,100,8,7207.45,
10336,49,100,6,7460.74,
10349,38,100,8,6719.54,
10358,20,100,10,2428,
10371,25,100,7,2602.25,
10382,25,88,5,2200,
10412,41,100,4,6712.93,
10425,28,100,3,5318.04,
10100,50,67.8,2,3390,
10110,32,50.25,6,1608,
10124,42,53.88,5,2262.96,
10149,24,62.36,10,1496.64,
10162,27,69.62,8,1879.74,
10173,26,57.51,12,1495.26,
10182,38,61.15,9,2323.7,
10193,42,59.33,13,2491.86,
10204,23,71.44,3,1643.12,
10214,21,62.96,6,1322.16,
10227,28,50.85,9,1423.8,
10241,33,72.65,1,2397.45,
10280,25,62.96,15,1574,
10288,28,61.75,4,1729,
10303,46,49.04,2,2255.84,
10312,30,61.15,16,1834.5,
10332,38,84.25,9,3201.5,
10344,40,56.91,2,2276.4,
10367,45,100,4,8884.8,
10379,27,49.3,1,1331.1,
10407,42,72.65,1,3051.3,
10420,36,63.57,4,2288.52,
10104,29,100,12,3772.61,
10114,39,100,3,4164.42,
10127,45,100,14,6295.95,
10141,47,100,8,6287.66,
10151,49,100,6,5412.54,
10165,46,100,15,5984.14,
10175,48,100,4,5891.04,
10184,46,100,9,5984.14,
10195,35,100,9,3608.15,
10207,43,100,10,5752.54,
10229,26,100,4,3765.32,
10246,22,98.18,8,2159.96,
10259,34,99.41,7,3379.94,
10271,50,100,8,5093.5,
10281,48,100,4,5773.44,
10292,41,100,11,4528.86,
10305,36,100,8,4816.08,
10313,29,100,2,3416.78,
10324,33,37.48,10,1236.84,
10334,46,100,6,5814.86,
10349,38,100,7,5223.48,
10358,20,36.42,11,728.4,
10370,22,100,5,3949,
10383,27,100,11,3843.99,
10412,56,98.18,8,5498.08,
10425,38,99.41,7,3777.58,
10101,25,100,4,3782,
10110,33,100,4,3859.68,
10124,42,100,3,4431.84,
10149,33,100,8,4950.33,
10162,38,100,6,4299.7,
10173,31,100,10,4492.83,
10182,20,100,7,2212,
10193,44,100,11,4642.88,
10204,26,100,1,3206.32,
10214,27,100,4,3604.23,
10227,46,100,7,7017.76,
10243,47,100,2,6154.18,
10280,37,100,13,4750.8,
10288,31,100,2,3822.92,
10304,24,100,17,2440.8,
10312,31,100,14,4729.36,
10322,50,100,6,12536.5,
10332,35,64.69,8,2264.15,
10344,30,100,3,3928.2,
10356,29,100,3,3630.22,
10367,27,100,5,4196.07,
10380,40,100,10,4931.6,
10390,31,98.99,16,3068.69,
10409,6,100,2,785.64,
10420,45,100,2,4977,
10103,22,54.09,2,1189.98,
10114,45,68.67,6,3090.15,
10126,43,65.02,2,2795.86,
10140,46,61.99,2,2851.54,
10151,39,69.28,9,2701.92,
10165,31,71.1,18,2204.1,
10175,41,69.28,7,2840.48,
10184,44,60.16,12,2647.04,
10194,45,70.49,2,3172.05,
10207,37,69.89,13,2585.93,
10217,35,61.38,2,2148.3,
10229,28,59.55,7,1667.4,
10246,30,61.99,11,1859.7,
10259,30,49.22,10,1476.6,
10271,25,69.28,11,1732,
10281,29,57.73,7,1674.17,
10291,26,57.73,2,1500.98,
10305,41,53.48,11,2192.68,
10313,34,52.87,5,1797.58,
10322,35,61.21,11,2142.35,
10334,34,61.38,1,2086.92,
10347,50,100,8,6834.5,
10357,41,61.99,7,2541.59,
10370,22,96.86,7,2130.92,
10381,35,48.62,7,1701.7,
10391,44,38.5,5,1694,
10412,47,61.99,11,2913.53,
10425,19,49.22,10,935.18,
10106,34,90.39,2,3073.26,
10120,29,71.81,8,2082.49,
10133,49,69.27,3,3394.23,
10145,30,85.32,14,2559.6,
10168,21,70.96,9,1490.16,
10210,50,76.88,7,3844,
10223,47,100,9,4724.91,
10235,24,76.03,3,1824.72,
10250,27,98.84,4,2668.68,
10263,33,86.17,10,2843.61,
10275,35,90.39,9,3163.65,
10284,31,71.81,1,2226.11,
10297,25,82.79,4,2069.75,
10308,27,82.79,7,2235.33,
10318,31,100,9,3116.43,
10327,45,100,8,4781.7,
10339,27,100,2,2810.7,
10353,27,100,1,3515.67,
10374,42,69.27,2,2909.34,
10386,21,74.77,18,1570.17,
10398,34,76.88,15,2613.92,
10401,42,76.03,3,3193.26,
10416,15,98.84,4,1482.6,
10107,29,70.87,6,2055.23,
10120,46,58.15,4,2674.9,
10134,30,61.78,6,1853.4,
10145,30,49.67,10,1490.1,
10159,42,51.48,18,2162.16,
10168,46,61.18,5,2814.28,
10180,25,64.2,13,1605,
10188,32,65.42,5,2093.44,
10201,30,64.81,6,1944.3,
10210,40,49.67,3,1986.8,
10223,28,60.57,5,1695.96,
10236,23,55.72,2,1281.56,
10251,29,61.18,6,1774.22,
10263,34,58.75,6,1997.5,
10275,37,63.6,5,2353.2,
10285,20,49.06,10,981.2,
10298,32,48.46,2,1550.72,
10308,34,52.09,3,1771.06,
10318,42,52.7,5,2213.4,
10329,38,100,12,5266.04,
10339,30,62.16,1,1864.8,
10362,23,49.67,3,1142.41,
10374,22,53.3,4,1172.6,
10389,39,100,5,6981,
10402,55,55.72,2,3064.6,
10417,36,61.18,6,2202.48,
10101,26,100,1,3773.38,
10110,31,100,1,5074.39,
10125,34,100,2,6483.46,
10139,41,100,8,7956.46,
10149,23,100,5,4230.62,
10162,48,100,3,7209.12,
10173,22,100,7,3452.68,
10182,21,100,4,3047.73,
10193,22,100,8,3675.32,
10205,40,100,3,7492.4,
10214,50,100,1,9534.5,
10227,29,100,4,5579.02,
10244,43,100,8,5950.34,
10255,24,100,1,3726,
10280,22,100,10,4455,
10289,43,100,3,8272.34,
10304,20,100,14,3577.6,
10312,25,100,11,3881.25,
10322,36,100,2,5797.44,
10332,24,52.67,1,1264.08,
10347,21,100,6,4815.3,
10356,30,100,1,4462.2,
10367,32,94.79,7,3033.28,
10380,21,47.18,8,990.78,
10390,26,78.11,7,2030.86,
10421,35,100,1,5433.75,
10109,26,100,1,3157.44,
10123,46,100,3,5161.2,
10137,37,100,3,4346.76,
10148,27,100,10,3528.36,
10161,23,100,9,3187.8,
10172,39,100,7,6023.16,
10181,27,100,3,3884.76,
10192,38,100,8,4965.84,
10204,27,100,14,4169.88,
10212,40,100,7,4910.4,
10226,24,100,5,3231.36,
10241,44,100,12,6853.44,
10253,37,100,2,5177.04,
10266,20,100,3,2824.8,
10278,39,100,3,4324.32,
10287,44,100,1,5052.96,
10301,22,100,5,3223.44,
10311,43,100,10,5278.68,
10321,27,100,7,2851.2,
10331,26,64.9,10,1687.4,
10343,25,52.32,3,1308,
10366,49,100,2,6144.6,
10379,29,100,5,5127.2,
10407,41,100,12,6386.16,
10419,55,100,2,7695.6,
10103,27,83.07,12,2242.89,
10112,23,100,2,2539.89,
10126,31,90.17,12,2795.27,
10139,46,100,1,5545.76,
10150,47,91.18,9,4285.46,
10163,31,100,2,3329.09,
10174,46,100,5,5592.22,
10183,37,89.15,9,3298.55,
10193,28,93.21,1,2609.88,
10206,37,90.17,7,3336.29,
10215,49,100,4,5510.05,
10228,24,100,3,2504.4,
10244,30,100,1,3525.6,
10257,50,88.14,1,4407,
10270,31,96.24,10,2983.44,
10280,46,100,3,5126.24,
10291,47,100,12,5713.79,
10304,46,100,7,4613.8,
10312,37,100,4,3711.1,
10322,33,100,12,3524.73,
10333,31,90.17,5,2795.27,
10347,48,100,9,4814.4,
10357,41,87.13,6,3572.33,
10369,42,100,1,4581.36,
10381,41,100,8,4319.76,
10391,32,45.25,6,1448,
10423,10,88.14,1,881.4,
10103,35,57.46,14,2011.1,
10111,28,64.33,2,1801.24,
10126,46,73.7,14,3390.2,
10139,20,71.2,3,1424,
10150,30,49.97,11,1499.1,
10163,48,69.96,4,3358.08,
10173,28,53.72,2,1504.16,
10183,39,68.08,11,2655.12,
10193,24,51.84,3,1244.16,
10206,28,67.46,9,1888.88,
10215,31,58.71,6,1820.01,
10228,45,63.71,5,2866.95,
10244,24,58.09,3,1394.16,
10257,49,53.72,3,2632.28,
10269,32,63.08,1,2018.56,
10280,43,68.71,5,2954.53,
10291,37,50.59,14,1871.83,
10304,24,64.96,9,1559.04,
10312,35,53.72,6,1880.2,
10322,41,29.87,13,1224.67,
10332,26,100,17,2979.08,
10347,34,64.96,10,2208.64,
10357,49,70.58,5,3458.42,
10369,28,44.21,6,1237.88,
10381,40,68.08,4,2723.2,
10392,37,59.96,3,2218.52,
10423,31,53.72,3,1665.32,
10106,41,83.44,18,3421.04,
10119,21,89.46,9,1878.66,
10130,40,96.34,2,3853.6,
10143,46,74.84,13,3442.64,
10155,44,79.14,11,3482.16,
10167,46,73.12,7,3363.52,
10178,41,81.72,10,3350.52,
10186,32,89.46,7,2862.72,
10197,46,87.74,4,4036.04,
10209,28,100,6,2817.92,
10222,49,94.62,10,4636.38,
10248,21,73.98,1,1553.58,
10262,32,84.3,15,2697.6,
10273,34,98.06,2,3334.04,
10283,21,98.06,4,2059.26,
10296,21,96.34,13,2023.14,
10307,31,83.44,7,2586.64,
10316,21,94.62,15,1987.02,
10327,25,45.86,5,1146.5,
10338,28,82.58,3,2312.24,
10350,43,64.97,6,2793.71,
10373,22,86.74,5,1908.28,
10386,37,93.01,5,3441.37,
10398,28,72.26,18,2023.28,
10400,30,74.84,7,2245.2,
10414,44,73.98,1,3255.12,
10103,25,100,13,2539.5,
10111,43,100,1,4818.15,
10126,30,97.39,13,2921.7,
10139,20,90.06,2,1801.2,
10150,26,100,10,2804.36,
10163,40,100,3,4900.8,
10173,31,89.01,1,2759.31,
10183,22,100,10,2488.2,
10193,23,100,2,2769.89,
10206,30,100,8,3581.4,
10215,49,100,5,5285.14,
10228,31,100,4,3181.53,
10244,29,100,2,3340.51,
10257,37,84.82,2,3138.34,
10270,38,100,11,4775.08,
10280,29,100,4,3006.43,
10291,23,100,13,2866.26,
10304,26,85.87,8,2232.62,
10312,38,100,5,4457.02,
10322,48,47.04,7,2257.92,
10332,40,39.8,18,1592,
10347,45,100,11,4948.2,
10357,44,100,4,5160.76,
10369,21,94.22,5,1978.62,
10381,35,100,5,4288.2,
10392,29,86.92,2,2520.68,
10423,21,84.82,2,1781.22,
10105,22,100,11,3065.04,
10117,26,100,5,3551.34,
10128,41,100,2,5544.02,
10142,47,100,8,6034.33,
10153,31,100,7,3641.57,
10166,43,100,2,6930.74,
10177,23,100,9,3675.63,
10185,28,100,9,3442.04,
10196,49,100,1,6893.81,
10208,24,100,9,2622.48,
10221,33,100,3,4417.38,
10232,22,100,6,3606.02,
10248,32,100,12,3802.56,
10273,40,100,13,5026.4,
10282,43,100,1,6695.53,
10293,24,100,4,2819.28,
10306,32,100,9,3759.04,
10314,20,100,1,2731.8,
10325,24,69.12,9,1658.88,
10336,48,100,12,5778.24,
10350,44,100,1,5191.12,
10372,28,100,3,3862.88,
10383,24,61.52,9,1476.48,
10396,33,100,2,5273.73,
10414,41,100,12,4872.03,
10104,23,100,13,4556.99,
10109,46,100,5,8257,
10114,48,100,4,8209.44,
10122,25,100,3,3598.5,
10127,22,100,15,3837.24,
10136,41,100,3,8331.61,
10141,34,100,9,4836.5,
10148,32,100,14,5418.88,
10151,21,100,7,3734.01,
10160,20,100,1,3996.4,
10165,47,100,16,8754.69,
10171,39,100,3,5481.45,
10175,29,100,5,4419.89,
10181,45,100,7,6324.75,
10184,28,100,10,4409.72,
10192,26,100,12,3918.46,
10195,50,100,10,7620.5,
10203,48,100,1,8291.04,
10207,25,100,11,3937.25,
10212,40,100,11,5554.4,
10225,43,100,2,6407.86,
10229,22,100,5,4172.52,
10239,47,100,1,7083.37,
10246,36,100,9,7132.68,
10253,40,100,6,6773.6,
10259,27,100,8,3657.69,
10266,29,100,7,4812.55,
10271,20,100,9,3928.6,
10278,42,100,7,6401.22,
10281,25,100,5,4191.25,
10287,36,100,5,5852.52,
10292,21,100,12,2844.87,
10301,23,100,9,4011.66,
10305,37,100,9,7455.87,
10310,48,100,3,8940.96,
10313,25,100,3,4572.25,
10321,33,100,11,5700.09,
10324,27,100,12,3155.49,
10331,27,100,11,4170.69,
10334,20,100,3,2878.8,
10342,30,100,4,5029.5,
10349,48,100,6,7396.8,
10358,32,93.49,12,2991.68,
10366,34,100,1,6275.72,
10370,27,56.85,9,1534.95,
10377,39,100,3,7264.53,
10383,47,100,6,6869.05,
10394,22,100,5,3353.02,
10405,55,100,1,8289.05,
10412,60,100,9,11887.8,
10419,35,100,6,5926.9,
10425,28,100,8,3793.16,
10105,38,100,13,4330.1,
10117,21,95.8,7,2011.8,
10128,41,100,4,4837.18,
10142,22,97.81,10,2151.82,
10153,29,88.74,9,2573.46,
10165,50,100,1,5344.5,
10177,29,100,11,3070.52,
10185,49,80.67,11,3952.83,
10196,35,100,3,3564.75,
10208,48,100,11,5614.56,
10221,23,80.67,5,1855.41,
10232,48,95.8,8,4598.4,
10248,42,100,14,5082.42,
10273,47,100,15,5450.59,
10282,36,100,3,4174.92,
10293,22,100,6,2418.24,
10306,40,91.76,11,3670.4,
10314,23,100,3,2481.7,
10326,32,100,6,3807.68,
10336,21,100,7,2230.41,
10350,41,93.04,2,3814.64,
10372,25,84.71,5,2117.75,
10383,26,100,12,3340.48,
10396,24,89.75,4,2154,
10414,48,100,14,5808.48,
10108,26,68.35,9,1777.1,
10122,21,73.17,13,1536.57,
10135,45,78,10,3510,
10147,36,86.04,10,3097.44,
10159,21,81.21,5,1705.41,
10169,32,70.76,5,2264.32,
10181,30,82.82,17,2484.6,
10191,36,94.88,6,3415.68,
10203,33,86.04,11,2839.32,
10211,35,78,5,2730,
10225,37,95.69,12,3540.53,
10238,41,73.17,6,2999.97,
10252,20,76.39,2,1527.8,
10265,45,86.84,2,3907.8,
10276,38,69.96,6,2658.48,
10287,43,70.76,15,3042.68,
10300,49,78.8,8,3861.2,
10310,27,80.41,13,2171.07,
10319,46,73.98,1,3403.08,
10329,38,59.1,10,2245.8,
10342,25,66.74,5,1668.5,
10363,46,60.3,10,2773.8,
10378,22,100,4,2464,
10390,40,100,9,5491.6,
10103,46,100,16,4791.82,
10111,39,100,4,4178.85,
10126,38,82.34,16,3128.92,
10139,30,100,5,3095.4,
10149,42,94.25,2,3958.5,
10163,43,100,6,4991.44,
10173,29,95.24,4,2761.96,
10182,33,86.31,1,2848.23,
10193,32,79.37,5,2539.84,
10206,28,87.3,11,2444.4,
10215,41,100,8,4555.92,
10227,33,100,1,3666.96,
10244,36,84.33,5,3035.88,
10257,26,89.29,5,2321.54,
10280,34,100,7,3474.46,
10290,26,96.23,2,2501.98,
10304,38,100,11,3958.46,
10312,33,100,8,3535.95,
10323,33,91.27,2,3011.91,
10333,46,100,2,11336.7,
10347,26,100,12,2656.94,
10357,25,100,3,2604.25,
10369,45,73.08,4,3288.6,
10382,50,100,7,8935.5,
10392,36,100,1,4035.96,
10423,21,89.29,5,1875.09,
10108,29,100,8,4049.56,
10122,21,100,12,2469.39,
10135,42,100,9,5432.7,
10147,37,100,9,4405.22,
10159,25,100,4,3638,
10169,36,100,4,4444.92,
10181,22,100,16,3395.48,
10191,23,100,5,3414.58,
10203,32,100,10,5127.04,
10211,28,100,4,3745.28,
10225,27,100,11,4564.08,
10238,49,100,5,6554.24,
10252,41,100,1,6749.83,
10265,49,100,1,8427.02,
10276,30,100,5,3924.6,
10287,40,100,14,6761.6,
10300,23,100,7,3786.49,
10310,49,100,12,6266.12,
10320,25,100,5,3491,
10330,37,100,3,4405.22,
10342,55,100,7,6548.3,
10355,23,100,7,3177.91,
10363,24,100,11,4142.64,
10378,43,96.49,10,4149.07,
10390,50,100,1,7397,
10109,47,100,2,6241.6,
10123,34,100,4,5331.88,
10137,31,100,4,5124.3,
10148,28,100,11,3639.44,
10161,36,100,10,5544,
10172,48,100,8,5493.12,
10181,39,100,4,5785.26,
10192,45,100,9,5340.6,
10204,35,100,15,5735.8,
10212,45,100,8,6357.6,
10226,46,100,6,7343.9,
10240,37,100,1,5959.22,
10253,31,100,3,4029.38,
10266,33,100,4,5035.14,
10278,31,100,4,4116.8,
10287,27,100,2,4310.55,
10301,39,100,6,6446.7,
10311,32,100,11,3616.64,
10321,28,100,8,4232.76,
10331,26,67.91,12,1765.66,
10343,44,84.88,2,3734.72,
10367,46,100,6,4808.38,
10379,32,70.83,4,2266.56,
10406,65,100,1,10468.9,
10419,43,100,3,5589.14,
10108,43,67.77,12,2914.11,
10122,35,49.74,16,1740.9,
10135,45,50.36,13,2266.2,
10146,47,67.14,2,3155.58,
10159,21,64.66,8,1357.86,
10169,38,68.39,8,2598.82,
10180,21,50.36,3,1057.56,
10191,43,72.74,9,3127.82,
10211,46,54.09,8,2488.14,
10224,38,58.44,1,2220.72,
10237,26,52.22,1,1357.72,
10252,31,52.84,5,1638.04,
10264,48,54.71,3,2626.08,
10276,33,50.36,9,1661.88,
10286,38,57.2,1,2173.6,
10299,39,55.95,3,2182.05,
10310,42,67.14,16,2819.88,
10319,44,59.06,4,2598.64,
10330,29,69.63,2,2019.27,
10342,26,55.95,8,1454.7,
10355,31,53.47,1,1657.57,
10363,32,89.12,12,2851.84,
10378,28,100,9,4609.64,
10390,36,100,2,5079.96,
10403,36,52.22,1,1879.92,
10106,41,100,17,4774.86,
10119,27,99.52,8,2687.04,
10130,33,100,1,3423.75,
10143,34,100,12,3455.76,
10155,29,100,10,3622.97,
10167,34,100,6,3599.58,
10178,48,100,9,5386.56,
10186,46,100,6,4918.78,
10197,22,100,3,2538.8,
10209,20,100,5,2498.6,
10222,45,85.75,9,3858.75,
10249,46,100,5,5600.5,
10262,34,100,14,4103.46,
10273,50,85.75,1,4287.5,
10283,46,100,3,5795.54,
10296,22,84.7,12,1863.4,
10307,48,86.81,6,4166.88,
10316,47,86.81,14,4080.07,
10328,34,100,6,3815.48,
10338,45,100,2,5526.45,
10351,20,100,2,3374.6,
10373,50,60.49,6,3024.5,
10386,22,57.55,6,1266.1,
10398,45,100,17,4811.85,
10400,58,100,6,7307.42,
10415,51,100,5,6209.25,
10104,38,100,3,5348.5,
10117,22,100,12,2780.58,
10127,25,100,5,3447,
10142,24,100,15,3791.52,
10152,35,100,1,4524.1,
10165,28,100,6,3337.6,
10176,36,100,5,5532.12,
10185,39,100,16,5096.91,
10196,27,100,8,4537.08,
10207,40,100,1,6146.8,
10220,50,100,5,8258,
10230,42,100,3,7238.28,
10247,48,100,5,6756,
10272,25,100,5,3734,
10282,31,100,8,4674.8,
10292,44,100,2,7140.76,
10306,23,100,16,3600.65,
10314,29,100,8,4206.74,
10324,49,100,13,5379.71,
10337,36,100,3,5679.36,
10349,34,100,5,4394.84,
10358,25,100,13,2528.25,
10372,48,100,6,7031.52,
10383,38,100,1,5340.9,
10394,37,100,1,6376.58,
10413,49,100,5,6896.75,
10100,22,86.51,4,1903.22,
10110,28,89.27,8,2499.56,
10124,36,85.59,7,3081.24,
10148,34,100,1,3598.22,
10162,39,100,10,3912.09,
10173,21,75.46,14,1584.66,
10182,36,100,11,3942.72,
10193,24,97.55,15,2341.2,
10204,29,85.59,5,2482.11,
10213,38,94.79,1,3602.02,
10227,34,100,11,3566.94,
10241,42,90.19,3,3787.98,
10280,35,100,17,3704.05,
10288,35,80.99,6,2834.65,
10302,38,89.27,2,3392.26,
10311,41,81.91,1,3358.31,
10332,50,100,2,7310,
10344,21,100,4,2203.11,
10367,43,62.72,8,2696.96,
10380,32,100,1,3376.64,
10407,6,90.19,3,541.14,
10420,66,92.95,6,6134.7,
10105,41,82.5,10,3382.5,
10117,23,97.42,4,2240.66,
10128,43,92.16,1,3962.88,
10142,24,70.22,7,1685.28,
10153,22,83.38,6,1834.36,
10166,26,73.73,1,1916.98,
10177,35,74.6,8,2611,
10185,47,77.24,8,3630.28,
10197,50,100,14,5090.5,
10208,45,87.77,8,3949.65,
10221,39,89.53,2,3491.67,
10232,23,89.53,5,2059.19,
10248,42,75.48,11,3170.16,
10261,20,89.53,9,1790.6,
10273,33,71.09,12,2345.97,
10283,34,100,14,3580.88,
10293,49,100,3,4946.06,
10306,39,90.4,8,3525.6,
10315,36,100,7,3602.16,
10326,50,86.01,5,4300.5,
10337,29,100,2,4498.19,
10350,30,100,3,3023.1,
10372,41,86.89,7,3562.49,
10383,28,58.58,7,1640.24,
10396,45,100,5,4739.4,
10414,16,75.48,11,1207.68,
10103,36,100,5,4228.2,
10114,41,100,9,4815.45,
10126,50,100,5,7083,
10140,40,100,5,4601.2,
10150,49,100,2,6467.02,
10164,45,100,3,5012.55,
10175,47,100,10,5121.59,
10183,21,100,2,2441.04,
10194,32,100,5,4262.08,
10207,47,100,16,6658.02,
10217,38,100,5,4509.08,
10229,41,100,10,4716.23,
10245,21,100,3,2390.22,
10259,41,100,13,4666.62,
10270,38,100,3,5383.08,
10281,25,99.29,10,2482.25,
10291,48,100,5,5288.64,
10305,22,99.29,14,2184.38,
10313,28,100,8,2881.76,
10323,47,100,1,6203.06,
10334,49,100,4,6763.47,
10347,45,100,4,5884.65,
10357,28,100,2,3559.64,
10370,29,57.53,6,1668.37,
10382,39,100,1,4890.6,
10411,46,100,3,5235.72,
10425,38,100,13,4325.16,
10103,41,47.29,9,1938.89,
10113,50,49.81,3,2490.5,
10126,43,53.83,9,2314.69,
10140,29,43.27,9,1254.83,
10150,30,42.76,6,1282.8,
10164,25,53.83,7,1345.75,
10174,49,44.78,2,2194.22,
10183,40,49.3,6,1972,
10194,41,44.78,9,1835.98,
10206,21,53.33,4,1119.93,
10215,46,45.28,1,2082.88,
10229,39,40.25,14,1569.75,
10245,45,59.87,7,2694.15,
10258,21,59.87,4,1257.27,
10270,44,58.36,7,2567.84,
10281,44,59.87,14,2634.28,
10291,29,51.82,9,1502.78,
10304,34,49.3,4,1676.2,
10312,39,56.85,1,2217.15,
10324,38,100,6,6832.02,
10333,24,79.86,8,1916.64,
10348,29,100,6,7110.8,
10358,30,100,8,5302.8,
10370,20,100,2,2730,
10382,39,100,2,7827.3,
10411,35,59.87,7,2095.45,
10424,26,59.87,4,1556.62,
10108,44,100,11,5565.12,
10122,28,100,15,3583.16,
10135,31,100,12,4705.18,
10146,29,100,1,4444.54,
10159,32,100,7,4618.88,
10169,33,100,7,4910.4,
10180,44,100,2,5565.12,
10191,32,100,8,4237.76,
10211,41,100,7,5673.58,
10225,35,100,14,5260.15,
10238,44,100,8,6350.96,
10252,26,100,4,3559.4,
10264,20,100,2,2410.6,
10276,48,100,8,5713.92,
10287,34,100,17,4300.32,
10299,49,100,2,7947.31,
10310,40,100,15,5356.8,
10319,45,100,3,7901.1,
10330,50,100,4,6101,
10342,38,100,11,6276.46,
10355,25,100,2,4203.5,
10363,28,58.18,13,1629.04,
10378,49,67.14,8,3289.86,
10390,49,100,3,6862.94,
10110,42,61.29,9,2574.18,
10124,23,57.73,8,1327.79,
10148,29,81.25,2,2356.25,
10161,25,80.54,1,2013.5,
10173,39,71.98,15,2807.22,
10182,44,69.84,12,3072.96,
10193,25,76.26,16,1906.5,
10204,45,76.26,6,3431.7,
10213,25,83.39,2,2084.75,
10227,37,57.73,12,2136.01,
10241,30,66.99,4,2009.7,
10267,36,75.55,1,2719.8,
10279,26,60.58,1,1575.08,
10288,23,73.41,7,1688.43,
10302,23,72.7,3,1672.1,
10311,25,66.99,2,1674.75,
10332,21,100,3,3472.98,
10344,26,63.43,5,1649.18,
10367,44,85.25,9,3751,
10380,24,100,2,4536,
10407,66,66.99,4,4421.34,
10420,36,57.73,7,2078.28,
10110,36,85.25,13,3069,
10124,22,77.9,12,1713.8,
10148,25,60.26,6,1506.5,
10161,37,72.76,5,2692.12,
10172,32,75.69,3,2422.08,
10182,47,74.22,16,3488.34,
10192,37,69.82,4,2583.34,
10204,20,62.47,10,1249.4,
10212,41,82.31,3,3374.71,
10226,21,60.26,1,1265.46,
10241,22,76.43,8,1681.46,
10267,40,80.1,5,3204,
10279,32,74.96,5,2398.72,
10288,36,66.14,11,2381.04,
10301,27,72.02,1,1944.54,
10311,26,87.45,6,2273.7,
10321,30,70.55,3,2116.5,
10332,23,56.84,4,1307.32,
10344,29,59.53,7,1726.37,
10367,21,60.37,10,1267.77,
10380,34,100,3,3441.82,
10407,26,76.43,8,1987.18,
10420,60,64.67,11,3880.2,
10104,35,55.49,6,1942.15,
10115,47,69.36,2,3259.92,
10127,20,60.69,8,1213.8,
10141,20,54.33,2,1086.6,
10152,25,65.31,4,1632.75,
10165,25,69.36,9,1734,
10176,27,68.78,8,1857.06,
10184,31,60.11,3,1863.41,
10195,44,66.47,3,2924.68,
10207,49,46.82,4,2294.18,
10220,26,56.07,8,1457.82,
10230,36,54.33,6,1955.88,
10246,44,52.6,2,2314.4,
10259,28,46.82,1,1310.96,
10271,45,64.74,2,2913.3,
10282,29,46.82,11,1357.78,
10292,40,53.75,5,2150,
10305,45,61.85,2,2783.25,
10314,44,53.18,11,2339.92,
10324,25,69.16,14,1729,
10336,45,100,4,5972.4,
10349,48,47.4,4,2275.2,
10358,44,60.76,14,2673.44,
10371,25,97.27,12,2431.75,
10383,22,91.76,2,2018.72,
10394,31,50.29,2,1558.99,
10412,21,52.6,2,1104.6,
10425,55,46.82,1,2575.1,
10107,25,100,3,2845.75,
10120,35,98.05,1,3431.75,
10134,35,93.54,3,3273.9,
10145,43,95.8,7,4119.4,
10159,44,100,15,5355.68,
10168,50,100,2,5747.5,
10180,48,100,10,5355.36,
10188,25,100,2,2535.75,
10201,39,100,3,4351.23,
10211,25,90.16,15,2254,
10223,32,91.29,2,2921.28,
10237,20,100,8,2299,
10251,26,100,3,2637.18,
10263,42,100,3,4307.52,
10275,21,100,2,2153.76,
10285,34,100,7,3716.88,
10299,47,100,10,5455.76,
10309,21,100,6,2650.62,
10318,48,100,2,6437.28,
10329,30,87.78,7,2633.4,
10339,27,84.39,10,2278.53,
10362,50,96.92,2,4846,
10374,38,100,6,4197.1,
10389,45,100,1,4597.65,
10403,46,100,8,5287.7,
10417,35,100,3,3550.05,
10110,29,59.37,15,1721.73,
10123,50,59.87,1,2993.5,
10137,26,49.81,1,1295.06,
10148,47,56.85,8,2671.95,
10161,23,53.33,7,1226.59,
10172,34,42.76,5,1453.84,
10181,34,53.83,1,1830.22,
10192,47,53.83,6,2530.01,
10204,45,49.81,12,2241.45,
10212,45,53.33,5,2399.85,
10226,36,43.27,3,1557.72,
10241,21,40.25,10,845.25,
10266,28,48.3,1,1352.4,
10278,35,45.28,1,1584.8,
10288,50,52.32,13,2616,
10301,22,51.32,3,1129.04,
10311,45,49.3,8,2218.5,
10321,48,42.26,5,2028.48,
10332,20,87.96,5,1759.2,
10343,27,36.21,6,977.67,
10367,38,38.5,11,1463,
10379,32,100,3,3970.56,
10407,64,40.25,10,2576,
10420,37,60.37,13,2233.69,
10106,28,88.63,4,2481.64,
10120,39,100,10,4651.53,
10133,41,94.1,5,3858.1,
10145,40,87.54,16,3501.6,
10168,49,100,11,6433.7,
10210,27,98.48,9,2658.96,
10223,34,100,11,3608.76,
10235,23,96.29,5,2214.67,
10250,31,88.63,6,2747.53,
10262,34,97.38,1,3310.92,
10275,25,95.2,11,2380,
10284,22,100,3,2310.88,
10297,32,100,6,4061.76,
10308,31,100,9,3493.7,
10316,25,100,1,2872.25,
10328,47,87.54,14,4114.38,
10339,21,50.65,7,1063.65,
10353,28,71.73,2,2008.44,
10374,46,94.1,3,4328.6,
10386,33,41.71,11,1376.43,
10398,43,100,16,5552.16,
10401,38,96.29,5,3659.02,
10416,47,88.63,6,4165.61,
10101,45,31.2,3,1404,
10110,20,35.51,3,710.2,
10124,45,37.84,2,1702.8,
10149,36,33.19,7,1194.84,
10162,37,27.22,5,1007.14,
10173,31,31.53,9,977.43,
10182,39,36.84,6,1436.76,
10193,26,29.21,10,759.46,
10205,32,37.17,5,1189.44,
10214,20,34.19,3,683.8,
10227,42,29.21,6,1226.82,
10243,33,29.54,1,974.82,
10280,20,28.88,12,577.6,
10288,29,38.17,1,1106.93,
10304,23,30.2,16,694.6,
10312,39,29.54,13,1152.06,
10322,20,100,3,2624,
10332,45,81.91,6,3685.95,
10344,20,35.18,6,703.6,
10356,48,100,5,9720,
10367,23,36.29,13,834.67,
10380,32,70.56,4,2257.92,
10391,33,100,8,8344.71,
10409,61,29.54,1,1801.94,
10420,45,26.88,1,1209.6,
10107,38,83.03,7,3155.14,
10120,34,83.79,5,2848.86,
10134,43,83.03,7,3570.29,
10145,47,83.03,11,3902.41,
10158,22,67.03,1,1474.66,
10168,29,75.41,6,2186.89,
10180,28,68.55,14,1919.4,
10188,40,91.4,6,3656,
10201,25,73.88,7,1847,
10210,30,61.7,4,1851,
10223,38,69.31,6,2633.78,
10236,36,87.6,3,3153.6,
10250,32,87.6,1,2803.2,
10263,37,62.46,7,2311.02,
10275,30,79.98,6,2399.4,
10285,39,70.08,11,2733.12,
10297,32,65.51,1,2096.32,
10308,47,63.22,4,2971.34,
10318,26,86.83,6,2257.58,
10329,37,94.43,4,3493.91,
10340,55,79.98,8,4398.9,
10363,21,100,8,3595.62,
10375,23,100,9,2443.29,
10389,49,81.4,2,3988.6,
10402,59,87.6,3,5168.4,
10416,32,87.6,1,2803.2,
10105,43,100,9,6341.21,
10117,41,100,3,5189.78,
10129,45,100,9,6027.75,
10142,33,100,6,3366,
10153,40,100,5,5456.4,
10167,33,100,16,3812.16,
10177,50,100,7,6083,
10185,30,100,7,3170.7,
10197,41,100,13,4534.6,
10208,35,100,7,4301.15,
10221,49,100,1,6804.63,
10232,46,100,4,5652.94,
10248,48,100,10,6960.48,
10261,36,100,8,4512.6,
10273,22,100,11,2784.76,
10283,42,100,13,5316.36,
10293,21,100,2,2941.89,
10306,29,100,7,3207.4,
10315,35,100,6,4215.05,
10326,41,100,4,4333.29,
10337,29,71.97,4,2087.13,
10350,34,50.33,7,1711.22,
10372,37,100,8,3910.53,
10384,28,80.54,3,2255.12,
10396,49,100,6,5720.75,
10414,23,100,10,3335.23,
10101,46,53.76,2,2472.96,
10110,39,44.35,2,1729.65,
10124,22,45.25,1,995.5,
10149,49,49.28,6,2414.72,
10162,43,36.29,4,1560.47,
10173,27,41.22,8,1112.94,
10182,31,36.74,5,1138.94,
10193,20,50.62,9,1012.4,
10205,24,38.08,4,913.92,
10214,49,47.94,2,2349.06,
10227,24,48.38,5,1161.12,
10244,39,45.25,9,1764.75,
10255,37,45.7,2,1690.9,
10280,45,47.49,11,2137.05,
10289,45,48.38,4,2177.1,
10304,44,39.42,15,1734.48,
10312,23,37.63,12,865.49,
10322,30,100,4,3500.1,
10332,26,85.52,10,2223.52,
10345,43,53.76,1,2311.68,
10356,26,31.86,7,828.36,
10367,28,30.59,12,856.52,
10380,27,68.35,5,1845.45,
10391,24,100,1,4042.08,
10421,40,45.7,2,1828,
10103,36,100,1,3680.28,
10114,21,100,5,2925.09,
10126,27,100,1,3415.77,
10140,47,100,1,5105.14,
10151,42,100,8,5098.8,
10165,32,100,17,4661.76,
10175,28,100,6,2969.96,
10184,24,100,11,3496.32,
10194,49,100,1,5760.93,
10207,46,100,12,6819.04,
10217,28,100,1,3148.88,
10229,48,100,6,5704.32,
10246,29,100,10,3520.6,
10259,47,100,9,5285.62,
10271,43,100,10,5605.05,
10281,25,100,6,2779.5,
10291,48,100,1,5398.08,
10305,24,100,10,3189.6,
10313,42,100,4,5581.8,
10324,31,100,2,3820.44,
10334,42,100,5,5528.04,
10348,37,100,1,5981.42,
10358,41,100,7,5684.65,
10371,20,100,5,3449.4,
10382,20,100,3,2654.4,
10412,70,100,10,8498,
10425,49,100,9,5510.54,
10108,35,58.87,15,2060.45,
10121,32,76.88,2,2460.16,
10135,29,61.64,16,1787.56,
10145,27,60.95,3,1645.65,
10159,27,80.34,11,2169.18,
10169,38,74.11,11,2816.18,
10180,35,72.03,6,2521.05,
10190,42,76.19,3,3199.98,
10211,21,63.72,11,1338.12,
10224,37,80.34,4,2972.58,
10237,26,79.65,4,2070.9,
10252,47,65.8,8,3092.6,
10264,37,65.1,6,2408.7,
10276,46,75.49,12,3472.54,
10285,38,59.56,3,2263.28,
10299,33,66.49,6,2194.17,
10309,24,56.1,2,1346.4,
10319,31,81.73,7,2533.63,
10330,42,81.03,1,3403.26,
10341,32,100,6,3307.2,
10355,41,70.65,3,2896.65,
10363,43,61.23,14,2632.89,
10375,20,100,14,2046,
10390,35,65.13,4,2279.55,
10403,27,79.65,4,2150.55,
10110,43,78.15,11,3360.45,
10124,32,72.7,10,2326.4,
10148,21,73.6,4,1545.6,
10161,20,100,3,2144.6,
10172,22,74.51,1,1639.22,
10182,36,73.6,14,2649.6,
10192,46,83.6,2,3845.6,
10204,47,96.32,8,4527.04,
10212,45,88.14,1,3966.3,
10227,47,88.14,14,4142.58,
10241,47,94.5,6,4441.5,
10267,38,87.24,3,3315.12,
10279,49,79.97,3,3918.53,
10288,35,80.87,9,2830.45,
10302,49,100,5,5298.86,
10311,28,93.6,4,2620.8,
10321,30,72.7,1,2181,
10332,39,86.72,7,3382.08,
10346,25,100,1,2876.75,
10368,40,100,2,4107.2,
10380,36,37.5,6,1350,
10407,76,94.5,6,7182,
10420,39,100,9,3933.93,
10104,44,39.6,10,1742.4,
10114,24,30.06,1,721.44,
10127,39,38.19,12,1489.41,
10141,21,42.43,6,891.03,
10151,30,40.31,4,1209.3,
10165,27,31.82,13,859.14,
10175,37,31.12,2,1151.44,
10184,42,31.82,7,1336.44,
10195,32,28.29,7,905.28,
10207,42,29.7,8,1247.4,
10219,21,40.31,3,846.51,
10229,33,32.88,2,1085.04,
10246,49,36.07,6,1767.43,
10259,31,33.24,5,1030.44,
10271,38,41.72,6,1585.36,
10281,20,40.66,2,813.2,
10292,39,30.06,9,1172.34,
10305,48,31.47,6,1510.56,
10314,39,37.13,15,1448.07,
10324,30,100,9,3338.1,
10335,33,37.13,2,1225.29,
10349,36,37.13,3,1336.68,
10358,36,82.94,4,2985.84,
10371,45,100,8,5545.8,
10383,40,100,3,6089.6,
10394,46,38.9,6,1789.4,
10412,30,36.07,6,1082.1,
10425,31,33.24,5,1030.44,
10106,49,74.68,13,3659.32,
10119,41,59.6,4,2443.6,
10131,35,67.14,5,2349.9,
10143,27,60.97,8,1646.19,
10155,23,72.62,6,1670.26,
10167,21,69.88,2,1467.48,
10178,34,80.84,5,2748.56,
10186,22,69.2,2,1522.4,
10198,48,67.82,5,3255.36,
10209,43,82.21,1,3535.03,
10222,32,81.53,5,2608.96,
10249,20,67.82,1,1356.4,
10262,24,67.14,10,1611.36,
10274,40,65.08,2,2603.2,
10284,30,73.99,12,2219.7,
10296,21,71.25,8,1496.25,
10307,25,75.36,2,1884,
10316,34,63.71,10,2166.14,
10328,48,58.92,1,2828.16,
10339,55,100,12,6214.45,
10351,25,74.68,5,1867,
10373,38,70.44,7,2676.72,
10386,39,55.96,1,2182.44,
10398,28,57.55,3,1611.4,
10400,24,61.66,2,1479.84,
10415,21,67.82,1,1424.22,
10110,46,100,10,5942.28,
10124,25,93.95,9,2348.75,
10148,34,100,3,4392.12,
10161,25,100,2,2759.75,
10173,23,100,16,2728.03,
10182,20,100,13,2395.8,
10192,23,100,1,3052.33,
10204,42,100,7,4242,
10213,27,100,3,2790.45,
10227,33,100,13,4340.49,
10241,28,98.65,5,2762.2,
10267,43,100,2,4645.72,
10279,48,100,2,5580.96,
10288,48,100,8,6539.04,
10302,45,100,4,5548.95,
10311,43,100,3,4595.41,
10332,44,42.26,11,1859.44,
10346,24,87.24,5,2093.76,
10368,31,100,5,4223.13,
10380,44,36.29,7,1596.76,
10407,59,98.65,5,5820.35,
10420,55,96.3,8,5296.5,
10109,29,32.1,6,930.9,
10122,39,30.96,4,1207.44,
10135,20,35.87,1,717.4,
10147,25,42.67,1,1066.75,
10160,42,37,2,1554,
10171,36,35.49,4,1277.64,
10181,37,42.67,8,1578.79,
10192,30,30.59,13,917.7,
10203,21,37,2,777,
10212,34,43.42,12,1476.28,
10225,42,36.63,3,1538.46,
10239,20,44.56,2,891.2,
10253,40,42.67,7,1706.8,
10266,34,40.4,8,1373.6,
10278,31,38.89,8,1205.59,
10287,36,39.65,6,1427.4,
10301,48,34.36,10,1649.28,
10310,33,41.91,4,1383.03,
10321,37,33.23,12,1229.51,
10331,27,42.24,13,1140.48,
10342,39,40.4,9,1575.6,
10355,36,38.52,4,1386.72,
10367,36,100,2,5018.4,
10378,41,100,7,5856.85,
10390,37,100,5,4894.73,
10405,47,44.56,2,2094.32,
10419,15,42.67,7,640.05,
10105,44,72.58,4,3193.52,
10119,35,87.62,13,3066.7,
10129,41,94.71,4,3883.11,
10142,49,98.25,1,4814.25,
10154,31,91.17,2,2826.27,
10167,20,79.66,11,1593.2,
10177,45,72.58,2,3266.1,
10185,33,74.35,2,2453.55,
10197,47,83.2,8,3910.4,
10208,20,89.4,2,1788,
10222,47,70.81,14,3328.07,
10233,40,94.71,2,3788.4,
10248,30,100,5,3053.7,
10261,22,91.17,3,2005.74,
10273,27,100,6,2796.12,
10283,34,92.94,8,3159.96,
10295,46,84.97,3,3908.62,
10306,31,84.08,2,2606.48,
10315,24,86.74,1,2081.76,
10326,41,85.85,3,3519.85,
10339,55,100,13,10758,
10350,30,100,9,3021,
10373,33,57.32,12,1891.56,
10384,43,97.87,2,4208.41,
10396,27,83.2,7,2246.4,
10414,60,100,5,6107.4,
10110,27,73.62,12,1987.74,
10124,49,83.04,11,4068.96,
10148,31,73.62,5,2282.22,
10161,20,77.05,4,1541,
10172,24,81.33,2,1951.92,
10182,33,94.17,15,3107.61,
10192,32,72.77,3,2328.64,
10204,40,79.62,9,3184.8,
10212,27,79.62,2,2149.74,
10227,40,79.62,15,3184.8,
10241,26,81.33,7,2114.58,
10267,44,96.74,4,4256.56,
10279,33,71.06,4,2344.98,
10288,34,68.49,10,2328.66,
10302,48,74.48,6,3575.04,
10311,25,83.04,5,2076,
10321,39,84.75,2,3305.25,
10332,45,34.19,12,1538.55,
10346,24,100,2,3325.92,
10368,46,79.62,1,3662.52,
10380,44,79.06,9,3478.64,
10407,13,81.33,7,1057.29,
10420,35,96.74,10,3385.9,
10108,30,63.07,5,1892.1,
10122,34,50.21,9,1707.14,
10135,27,66.13,6,1785.51,
10147,30,68.58,6,2057.4,
10159,50,69.8,1,3490,
10169,34,50.21,1,1707.14,
10181,23,65.52,13,1506.96,
10191,48,60.01,2,2880.48,
10203,34,64.9,7,2206.6,
10211,48,48.98,1,2351.04,
10225,24,50.21,8,1205.04,
10238,47,62.45,2,2935.15,
10253,24,52.66,12,1263.84,
10266,47,62.45,13,2935.15,
10276,20,61.23,2,1224.6,
10287,20,67.97,11,1359.4,
10300,31,58.78,4,1822.18,
10310,38,56.94,9,2163.72,
10320,26,61.23,2,1591.98,
10331,25,100,9,3078.5,
10342,48,62.45,10,2997.6,
10355,44,62.45,6,2747.8,
10363,21,100,15,2447.76,
10378,46,41.54,6,1910.84,
10390,46,52.84,6,2430.64,
10419,55,52.66,12,2896.3,
10106,31,52.6,14,1630.6,
10119,20,72.98,5,1459.6,
10131,29,59.18,6,1716.22,
10143,33,77.59,9,2560.47,
10155,34,55.89,7,1900.26,
10167,32,63.12,3,2019.84,
10178,27,73.64,6,1988.28,
10186,21,69.04,3,1449.84,
10198,27,71.67,6,1935.09,
10209,36,77.59,2,2793.24,
10222,43,70.35,6,3025.05,
10249,25,69.7,2,1742.5,
10262,46,70.35,11,3236.1,
10274,24,72.33,3,1735.92,
10284,39,71.67,13,2795.13,
10296,31,53.92,9,1671.52,
10307,22,71.67,3,1576.74,
10316,47,76.93,11,3615.71,
10328,20,72.98,2,1459.6,
10339,29,99.69,14,2891.01,
10351,38,68.38,4,2598.44,
10361,34,100,6,3871.92,
10373,46,66,11,3036,
10386,35,63.76,9,2231.6,
10398,34,71.67,13,2436.78,
10400,38,57.2,3,2173.6,
10415,18,69.7,2,1254.6,
10110,37,100,14,3724.42,
10124,43,100,13,5203,
10148,27,100,7,3469.5,
10161,30,100,6,3148.2,
10172,22,98.51,4,2167.22,
10182,49,100,17,6244.07,
10192,46,100,5,5566,
10204,48,91.02,11,4368.96,
10212,46,87.81,4,4039.26,
10226,48,92.09,2,4420.32,
10241,27,86.73,9,2341.71,
10267,43,100,6,5110.98,
10279,48,100,6,6168,
10288,41,100,12,4873.26,
10301,22,96.37,2,2120.14,
10311,46,92.09,7,4236.14,
10321,21,89.95,4,1888.95,
10332,31,37.18,13,1152.58,
10346,26,95.88,6,2492.88,
10368,20,99.58,4,1991.6,
10380,34,100,11,3953.18,
10407,43,86.73,9,3729.39,
10420,26,100,12,2617.16,
10105,50,79.67,1,3983.5,
10119,35,90.57,10,3169.95,
10129,50,77.99,1,3899.5,
10143,23,80.51,14,1851.73,
10155,37,67.93,12,2513.41,
10167,29,83.86,8,2431.94,
10178,21,72.12,11,1514.52,
10186,36,85.54,8,3079.44,
10197,22,86.38,5,1900.36,
10209,22,89.73,7,1974.06,
10222,46,80.51,11,3703.46,
10248,23,76.31,2,1755.13,
10262,49,87.21,16,4273.29,
10273,48,83.02,3,3984.96,
10283,33,72.96,5,2407.68,
10296,22,77.15,14,1697.3,
10307,22,91.41,8,2011.02,
10316,25,92.25,16,2306.25,
10326,20,92.25,2,1845,
10339,42,59.36,16,2493.12,
10350,25,60.34,10,1508.5,
10373,23,100,10,2394.3,
10385,37,85.54,2,3164.98,
10396,37,90.57,8,3351.09,
10400,42,72.96,8,3064.32,
10414,51,76.31,2,3891.81,
10108,40,100,1,5448.8,
10122,43,100,5,5494.97,
10135,47,100,2,6336.07,
10147,23,100,2,2906.97,
10160,35,100,3,4767.7,
10170,34,100,1,3819.56,
10181,25,100,9,3861.75,
10192,45,100,14,6319.35,
10203,47,100,3,6996.42,
10212,49,100,13,6949.67,
10225,40,100,4,4550,
10239,29,100,3,4479.63,
10253,39,100,8,5148,
10266,24,100,9,2932.08,
10278,25,100,9,3159.75,
10287,36,100,7,4297.32,
10301,50,100,11,7723.5,
10310,45,100,5,5497.65,
10321,26,100,13,4052.88,
10331,21,100,1,3135.93,
10342,42,100,6,5013.54,
10355,32,100,8,5302.72,
10363,31,94.58,1,2931.98,
10378,33,53.27,3,1757.91,
10390,45,100,8,6763.05,
10405,76,100,3,11739.7,
10419,70,100,8,9240,
10106,50,64.83,11,3241.5,
10119,28,70.29,2,1968.12,
10131,50,81.89,3,4094.5,
10143,28,66.19,6,1853.32,
10155,44,77.11,4,3392.84,
10168,27,73.02,18,1971.54,
10178,30,72.33,3,2169.9,
10198,43,66.19,3,2846.17,
10210,29,69.6,16,2018.4,
10222,48,56.64,3,2718.72,
10235,33,60.05,12,1981.65,
10250,40,75.06,13,3002.4,
10262,48,61.42,8,2948.16,
10275,41,81.89,18,3357.49,
10284,21,55.96,10,1175.16,
10296,32,71.65,6,2292.8,
10308,43,76.43,16,3286.49,
10316,30,77.79,8,2333.7,
10328,35,76.43,3,2675.05,
10339,45,96.92,11,4361.4,
10351,34,59.37,3,2018.58,
10361,26,100,7,3710.98,
10373,39,73,13,2847,
10386,41,73.32,12,3006.12,
10398,41,68.24,2,2797.84,
10401,64,60.05,12,3843.2,
10416,18,75.06,13,1351.08,
10100,49,34.47,1,1689.03,
10110,48,34.47,5,1654.56,
10124,46,33.23,4,1528.58,
10149,26,38.98,9,1013.48,
10162,37,38.98,7,1442.26,
10173,35,33.23,11,1163.05,
10182,23,42.26,8,971.98,
10193,22,41.03,12,902.66,
10204,39,33.23,2,1295.97,
10214,44,34.88,5,1534.72,
10227,27,43.9,8,1185.3,
10242,46,36.93,1,1698.78,
10280,33,41.85,14,1381.05,
10288,33,40.62,3,1340.46,
10303,24,40.21,1,965.04,
10312,31,35.29,15,1093.99,
10332,41,77.24,14,3166.84,
10346,22,97.44,4,2143.68,
10368,46,37.34,3,1717.64,
10380,43,95.03,12,4086.29,
10408,15,36.93,1,553.95,
10420,15,43.49,3,652.35,
10104,26,100,5,2921.62,
10115,44,100,1,5568.64,
10127,20,96.99,7,1939.8,
10141,40,94.62,1,3784.8,
10152,23,100,3,2802.09,
10165,24,99.36,8,2384.64,
10176,29,100,7,2915.66,
10184,49,100,2,5795.72,
10195,34,100,2,3699.88,
10207,28,100,3,2980.6,
10220,37,100,7,5032.74,
10230,45,100,5,4737.15,
10246,46,100,1,6311.2,
10271,22,100,1,3070.54,
10282,39,100,10,4797.39,
10292,27,100,4,3832.38,
10305,36,100,1,4641.48,
10314,38,100,10,4000.26,
10325,44,100,5,5325.76,
10336,31,100,5,4618.69,
10349,23,100,2,3182.97,
10359,22,100,7,2603.04,
10371,28,50.32,9,1408.96,
10383,21,93.91,4,1972.11,
10394,37,100,7,5207.75,
10412,31,100,1,4253.2,
10103,25,100,15,2873,
10111,26,86.68,3,2253.68,
10126,34,100,15,3576.12,
10139,29,100,4,3276.13,
10149,20,90.57,1,1811.4,
10163,42,91.55,5,3845.1,
10173,22,100,3,2571.14,
10183,47,100,12,5035.11,
10193,20,100,4,2279,
10206,33,97.39,10,3213.87,
10215,39,90.57,7,3532.23,
10228,33,100,6,3406.59,
10244,40,86.68,4,3467.2,
10257,46,78.89,4,3628.94,
10269,48,97.39,2,4674.72,
10280,21,78.89,6,1656.69,
10290,45,100,1,5171.4,
10304,33,100,10,3342.57,
10312,44,100,7,4884.88,
10324,33,100,3,6267.69,
10333,39,100,1,4424.16,
10348,39,50.31,2,1962.09,
10358,41,100,6,6847,
10369,40,86.92,3,3476.8,
10382,33,100,4,4592.61,
10423,28,78.89,4,2208.92,
10106,26,63.76,3,1657.76,
10120,29,85.49,9,2479.21,
10133,46,77.52,4,3565.92,
10145,33,84.77,15,2797.41,
10168,48,78.25,10,3756,
10210,40,71,8,2840,
10223,23,74.62,10,1716.26,
10235,40,81.14,4,3245.6,
10250,37,74.62,5,2760.94,
10263,24,75.35,11,1808.4,
10275,27,62.31,10,1682.37,
10284,21,71,2,1491,
10297,23,72.45,5,1666.35,
10308,44,83.32,8,3666.08,
10317,35,83.32,1,2916.2,
10328,43,60.86,4,2616.98,
10340,40,84.77,1,3390.8,
10353,35,89.9,3,3146.5,
10361,25,62.46,1,1561.5,
10375,43,100,2,10039.6,
10386,50,63.34,8,3167,
10398,45,78.25,14,3521.25,
10401,52,81.14,4,4219.28,
10416,48,74.62,5,3581.76,
10108,31,68.71,10,2130.01,
10122,29,71.14,14,2063.06,
10135,23,87.31,11,2008.13,
10147,31,64.67,11,2004.77,
10159,23,67.1,6,1543.3,
10169,24,94.58,6,2269.92,
10180,28,71.14,1,1991.92,
10191,44,66.29,7,2916.76,
10211,22,92.16,6,2027.52,
10225,46,70.33,13,3235.18,
10238,22,93.77,7,2062.94,
10252,38,87.31,3,3317.78,
10264,47,83.27,1,3913.69,
10276,48,75.18,7,3608.64,
10287,40,88.12,16,3524.8,
10299,32,80.84,1,2586.88,
10310,49,97.01,14,4753.49,
10319,43,85.69,2,3684.67,
10331,41,100,2,5715.4,
10343,30,100,1,3098.7,
10355,28,95.39,9,2670.92,
10363,43,100,9,5154.41,
10378,41,100,2,4894.17,
10390,30,82.42,10,2472.6,
10103,31,100,3,3224.31,
10114,32,100,7,3667.52,
10126,43,96.31,3,4141.33,
10140,26,100,3,2829.58,
10151,27,100,10,3068.55,
10164,24,100,1,2634.96,
10175,22,100,8,2436.72,
10184,46,100,13,4607.36,
10194,37,97.27,3,3598.99,
10207,49,80.9,14,3964.1,
10217,21,100,3,2244.9,
10229,25,100,8,2793,
10245,37,100,1,4133.64,
10259,45,86.68,11,3900.6,
10270,32,85.72,1,2743.04,
10281,29,82.83,8,2402.07,
10291,26,83.79,3,2178.54,
10305,28,100,12,3155.04,
10313,27,87.64,6,2366.28,
10324,20,98.18,11,1963.6,
10335,44,100,1,4746.28,
10348,42,100,3,6386.94,
10358,41,100,1,4428,
10371,26,100,1,4044.04,
10382,26,100,6,2708.42,
10411,26,100,1,2904.72,
10425,41,86.68,11,3553.88,
10107,20,92.9,8,1858,
10120,22,100,6,2461.36,
10133,23,100,1,2642.01,
10145,33,93.9,12,3098.7,
10168,28,100,7,3244.36,
10188,44,98.89,7,4351.16,
10210,46,79.91,5,3675.86,
10223,21,100,7,2475.27,
10235,41,100,1,4177.49,
10250,31,100,2,3282.28,
10263,31,79.91,8,2477.21,
10275,23,81.91,7,1883.93,
10285,37,98.89,12,3658.93,
10297,26,100,2,2856.88,
10308,24,79.91,5,1917.84,
10318,47,100,7,5305.36,
10329,45,63.91,11,2875.95,
10340,55,100,2,6482.85,
10353,46,81.17,5,3733.82,
10363,50,100,2,6576.5,
10375,37,100,3,6353.27,
10387,44,94.9,1,4175.6,
10401,49,100,1,4992.61,
10416,45,100,2,4764.6,
10108,27,43.45,13,1173.15,
10122,31,44.66,17,1384.46,
10135,33,40.23,14,1327.59,
10145,31,35.8,1,1109.8,
10159,35,35.4,9,1239,
10169,26,39.83,9,1035.58,
10180,34,45.46,4,1545.64,
10190,46,32.99,1,1517.54,
10211,41,42.24,9,1731.84,
10224,43,39.43,2,1695.49,
10237,26,40.23,2,1045.98,
10252,36,48.28,6,1738.08,
10264,20,32.59,4,651.8,
10276,27,36.61,10,988.47,
10285,37,41.03,1,1518.11,
10299,24,42.24,4,1013.76,
10310,36,43.05,17,1549.8,
10319,29,38.22,5,1108.38,
10331,28,100,3,4102.56,
10343,29,100,5,3713.16,
10355,38,39.83,10,1513.54,
10364,48,48.28,1,2317.44,
10378,40,82.46,1,3298.4,
10390,41,44.56,11,1826.96,
10403,30,40.23,2,1206.9,
10104,35,47.62,11,1666.7,
10114,28,55.73,2,1560.44,
10127,45,51.95,13,2337.75,
10141,24,45.99,7,1103.76,
10151,41,63.85,5,2617.85,
10165,48,45.99,14,2207.52,
10175,50,63.31,3,3165.5,
10184,33,62.77,8,2071.41,
10195,32,43.29,8,1385.28,
10207,27,60.06,9,1621.62,
10219,35,55.19,4,1931.65,
10229,23,54.11,3,1244.53,
10246,35,48.7,7,1704.5,
10259,40,43.83,6,1753.2,
10271,35,47.62,7,1666.7,
10281,31,55.19,3,1710.89,
10292,50,46.53,10,2326.5,
10305,40,57.9,7,2316,
10313,38,45.45,1,1727.1,
10325,38,100,3,8844.12,
10335,40,60.6,3,2424,
10349,33,46.53,1,1535.49,
10359,36,100,3,6358.68,
10371,20,66.47,2,1329.4,
10383,32,53.18,5,1701.76,
10394,36,62.77,3,2259.72,
10412,19,48.7,7,925.3,
10425,11,43.83,6,482.13,
10104,49,65.87,4,3227.63,
10116,27,63.38,1,1711.26,
10127,29,70.84,6,2054.36,
10142,42,74.57,16,3131.94,
10152,33,50.95,2,1681.35,
10165,44,53.44,7,2351.36,
10176,22,64,6,1408,
10184,48,50.95,1,2445.6,
10195,33,54.68,1,1804.44,
10207,45,56.55,2,2544.75,
10220,20,52.82,6,1056.4,
10230,46,60.9,4,2801.4,
10247,40,49.71,6,1988.4,
10272,45,64.63,6,2908.35,
10282,36,59.65,9,2147.4,
10292,31,67.73,3,2099.63,
10306,46,50.33,17,2315.18,
10314,35,66.49,9,2327.15,
10325,28,100,2,5377.4,
10336,31,84.71,9,2626.01,
10350,27,100,14,4406.4,
10359,22,100,1,4301.22,
10371,30,99.55,11,2986.5,
10383,44,36.07,8,1587.08,
10394,30,60.28,4,1808.4,
10413,24,49.71,6,1193.04,
10103,45,75.63,7,3403.35,
10113,23,68.52,1,1575.96,
10126,26,62.7,7,1630.2,
10140,28,60.76,7,1701.28,
10150,49,58.18,4,2850.82,
10164,49,54.94,5,2692.06,
10175,29,74.98,12,2174.42,
10183,49,64.64,4,3167.36,
10194,39,54.94,7,2142.66,
10206,36,58.82,2,2117.52,
10217,39,62.05,7,2419.95,
10229,30,73.04,12,2191.2,
10245,44,69.16,5,3043.04,
10258,20,61.41,2,1228.2,
10270,21,63.35,5,1330.35,
10281,36,77.57,12,2792.52,
10291,32,71.75,7,2296,
10304,36,73.04,2,2629.44,
10313,34,56.24,10,1912.16,
10324,48,100,4,8209.44,
10333,33,73.69,4,2431.77,
10348,31,100,5,3139.99,
10358,36,100,2,5669.64,
10370,25,100,3,3160.25,
10382,48,100,8,6799.68,
10411,27,69.16,5,1867.32,
10424,44,61.41,2,2702.04,
10106,33,72.92,5,2406.36,
10120,29,72.23,11,2094.67,
10133,49,57.1,6,2797.9,
10144,20,81.86,1,1637.2,
10168,31,73.61,12,2281.91,
10210,39,59.16,10,2307.24,
10223,20,66.04,12,1320.8,
10235,34,77.73,6,2642.82,
10250,50,61.22,7,3061,
10262,40,79.11,2,3164.4,
10275,28,63.97,12,1791.16,
10284,50,81.86,4,4093,
10297,28,79.8,7,2234.4,
10308,46,66.04,10,3037.84,
10316,24,59.16,2,1419.84,
10328,24,81.17,5,1948.08,
10340,39,59.16,3,2307.24,
10353,40,44.51,7,1780.4,
10361,49,72.33,2,3544.17,
10375,44,82.26,4,3619.44,
10388,35,100,8,3918.95,
10398,22,67.41,4,1483.02,
10401,62,77.73,6,4819.26,
10416,26,61.22,7,1591.72,
10108,31,100,16,3669.78,
10121,25,86.74,3,2168.5,
10135,30,89.8,17,2694,
10145,27,100,4,3251.34,
10159,23,100,12,2347.15,
10169,34,100,12,3920.88,
10180,22,100,7,2514.6,
10190,42,85.72,4,3600.24,
10211,37,100,12,4040.03,
10224,30,100,5,3336.9,
10237,27,100,5,3113.64,
10252,25,100,9,2832,
10264,34,97.97,7,3330.98,
10276,38,100,13,4304.64,
10285,26,100,4,2600.26,
10299,38,100,7,4382.16,
10309,50,84.7,3,4235,
10319,22,100,8,2626.8,
10331,32,100,4,5026.56,
10341,31,71.02,4,2201.62,
10355,40,100,5,4326.8,
10365,22,100,3,3425.18,
10375,41,100,15,4701.88,
10390,45,48.98,12,2204.1,
10403,45,100,5,5189.4,
10106,39,40.15,6,1565.85,
10120,49,50.62,12,2480.38,
10133,27,50.19,7,1355.13,
10143,34,36.66,1,1246.44,
10156,20,41.02,1,820.4,
10168,48,51.93,13,2492.64,
10199,29,38.4,1,1113.6,
10210,43,41.02,11,1763.86,
10223,41,46.26,13,1896.66,
10235,41,35.35,7,1449.35,
10250,36,51.93,8,1869.48,
10262,49,37.97,3,1860.53,
10275,38,45.39,13,1724.82,
10284,33,51.93,5,1713.69,
10296,26,48.44,1,1259.44,
10308,47,43.64,11,2051.08,
10316,34,47.57,3,1617.38,
10328,34,51.93,7,1765.62,
10340,40,50.62,4,2024.8,
10353,40,82.21,8,3288.4,
10361,33,82.59,3,2725.47,
10375,49,65.8,5,3224.2,
10388,27,100,1,3211.38,
10398,49,36.66,5,1796.34,
10401,56,35.35,7,1979.6,
10416,37,51.93,8,1921.41,
10104,33,100,7,3705.24,
10115,27,100,3,2843.91,
10127,46,100,9,6176.42,
10141,44,100,3,5500.44,
10151,26,100,1,3220.1,
10165,48,94.92,10,4556.16,
10176,23,100,9,3114.89,
10184,45,100,4,4948.2,
10195,49,100,4,5161.17,
10207,28,94.92,5,2657.76,
10220,37,100,9,3983.05,
10230,34,100,7,3974.94,
10246,22,100,3,2928.42,
10259,29,100,2,3054.57,
10271,34,98.39,3,3345.26,
10282,38,100,12,4310.72,
10292,41,100,6,4983.14,
10305,42,100,3,4618.32,
10314,28,100,12,3403.12,
10325,38,100,4,5190.42,
10336,23,100,8,3141.57,
10350,31,71.4,8,2213.4,
10359,46,100,2,4896.7,
10371,48,56.55,10,2714.4,
10383,29,100,13,3087.05,
10395,46,100,4,5692.96,
10412,26,100,3,3460.86,
10425,18,100,2,1895.94,
10104,32,53.31,2,1705.92,
10117,21,49.21,11,1033.41,
10127,46,69.12,4,3179.52,
10142,42,49.79,14,2091.18,
10153,31,57.41,13,1779.71,
10165,38,66.78,5,2537.64,
10176,38,64.44,4,2448.72,
10185,20,48.62,15,972.4,
10196,46,62.09,7,2856.14,
10208,30,65.61,15,1968.3,
10220,30,68.54,4,2056.2,
10230,43,52.14,2,2242.02,
10247,49,63.85,4,3128.65,
10272,43,56.82,4,2443.26,
10282,37,66.78,7,2470.86,
10292,35,55.07,1,1927.45,
10306,34,60.34,15,2051.56,
10314,38,61.51,7,2337.38,
10325,44,100,7,5932.96,
10337,21,100,6,2296.77,
10350,44,100,17,6490.88,
10359,25,64.93,4,1623.25,
10372,24,58.58,9,1405.92,
10383,38,60.06,10,2282.28,
10395,45,100,3,8977.05,
10413,51,63.85,4,3256.35,
10108,34,82.99,14,2821.66,
10121,44,74.85,1,3293.4,
10135,44,96,15,4224,
10145,38,81.36,2,3091.68,
10159,31,71.6,10,2219.6,
10169,48,80.55,10,3866.4,
10180,21,93.56,5,1964.76,
10190,40,66.72,2,2668.8,
10211,40,80.55,10,3222,
10224,50,77.29,3,3864.5,
10237,20,68.34,3,1366.8,
10252,48,72.41,7,3475.68,
10264,47,89.5,5,4206.5,
10276,21,70.78,11,1486.38,
10285,39,78.92,2,3077.88,
10299,44,80.55,5,3544.2,
10309,28,88.68,1,2483.04,
10319,45,77.29,6,3478.05,
10331,20,100,5,3657.8,
10341,38,100,3,4682.36,
10356,26,100,4,3937.7,
10365,44,100,2,4984.32,
10375,49,100,8,5406.66,
10390,22,100,13,3491.18,
10403,31,68.34,3,2118.54,
10105,41,70.67,5,2897.47,
10119,25,76.67,14,1916.75,
10129,31,60,5,1860,
10142,41,64,2,2624,
10153,43,64.67,1,2780.81,
10167,43,75.34,12,3239.62,
10177,24,76,3,1824,
10185,21,54,3,1134,
10197,23,64.67,9,1487.41,
10208,38,74.67,3,2837.46,
10222,31,62.67,15,1942.77,
10233,36,70.67,3,2544.12,
10248,36,71.34,6,2568.24,
10261,34,62,4,2108,
10273,21,65.34,7,1372.14,
10283,45,78.67,9,3540.15,
10295,26,75.34,4,1958.84,
10306,50,54,3,2700,
10315,41,62,2,2542,
10326,39,60,1,2340,
10339,22,100,5,2816.44,
10350,46,76.67,11,3526.82,
10373,44,100,14,4627.92,
10385,25,77.34,1,1933.5,
10396,39,66.67,1,2600.13,
10414,37,71.34,6,2639.58,
10106,31,100,7,3312.97,
10120,47,82.21,13,3863.87,
10133,24,77.64,8,1863.36,
10143,36,100,2,3945.96,
10156,48,100,2,4954.08,
10168,28,98.65,14,2762.2,
10199,48,83.12,2,3989.76,
10210,21,78.55,12,1649.55,
10223,25,100,14,2534.75,
10235,25,100,8,2580.25,
10250,31,91.34,9,2831.54,
10262,40,84.03,4,3361.2,
10275,32,89.51,14,2864.32,
10284,24,83.12,6,1994.88,
10296,42,100,2,4296.6,
10308,21,100,12,2224.95,
10316,34,82.21,4,2795.14,
10328,27,100,8,2762.1,
10340,30,88.6,5,2658,
10353,39,100,9,5043.87,
10361,20,60.54,4,1210.8,
10375,37,81.87,6,3029.19,
10388,46,100,2,10066.6,
10398,47,87.69,6,4121.43,
10401,11,100,8,1135.31,
10416,23,91.34,9,2100.82,
10105,29,70.15,12,2034.35,
10117,38,79.68,6,3027.84,
10128,32,97,3,3104,
10142,43,84.01,9,3612.43,
10153,31,87.48,8,2711.88,
10166,29,100,3,3013.97,
10177,31,88.34,10,2738.54,
10185,30,94.4,10,2832,
10196,50,94.4,2,4720,
10208,40,80.55,10,3222,
10221,23,97,4,2231,
10232,26,88.34,7,2296.84,
10248,40,100,13,4157.2,
10273,21,100,14,2146.2,
10282,43,86.61,2,3724.23,
10293,29,71.89,5,2084.81,
10306,38,91.81,10,3488.78,
10314,23,76.22,2,1753.06,
10327,20,100,7,3469.2,
10337,36,70.3,9,2530.8,
10350,28,100,4,2924.32,
10372,44,100,2,4496.8,
10384,49,100,1,6397.44,
10397,32,80.55,5,2577.6,
10414,34,100,13,3533.62,
10106,30,100,16,3177.3,
10119,29,94.14,7,2730.06,
10131,22,85.99,8,1891.78,
10143,26,100,11,2612.48,
10155,32,91.43,9,2925.76,
10167,29,100,5,2940.02,
10178,34,96.86,8,3293.24,
10186,24,99.57,5,2389.68,
10197,24,90.52,2,2172.48,
10209,33,88.71,4,2927.43,
10222,26,100,8,2659.54,
10249,40,95.95,4,3838,
10262,44,94.14,13,4142.16,
10274,24,90.52,5,2172.48,
10283,20,94.14,2,1882.8,
10296,34,100,11,3477.86,
10307,34,97.76,5,3323.84,
10316,45,93.24,13,4195.8,
10328,41,100,9,4156.58,
10339,55,71.25,15,3918.75,
10352,23,100,3,2352.67,
10361,24,45.39,14,1089.36,
10373,32,84.41,15,2701.12,
10386,29,85.76,13,2487.04,
10398,36,100,7,3910.32,
10400,46,87.8,5,4038.8,
10415,32,95.95,4,3070.4,
10106,34,100,9,3763.46,
10120,24,100,15,2584.8,
10131,40,100,1,4427.6,
10143,26,82.77,4,2152.02,
10155,20,100,2,2353.4,
10168,31,100,16,3431.39,
10178,22,87.75,1,1930.5,
10198,42,100,1,4774.56,
10210,26,99.72,14,2592.72,
10222,37,87.75,1,3246.75,
10235,38,88.75,10,3372.5,
10250,35,100,11,3909.15,
10262,33,90.75,6,2994.75,
10275,39,100,16,4472.52,
10284,45,100,8,4576.95,
10296,24,100,4,2441.04,
10308,35,88.75,14,3106.25,
10316,23,100,6,2706.41,
10328,37,100,10,4021.53,
10340,55,87.75,7,4826.25,
10352,49,100,2,4935.28,
10361,26,100,9,2754.7,
10375,33,100,1,3856.71,
10386,37,83.84,14,3102.08,
10398,22,86.76,8,1908.72,
10401,85,88.75,10,7543.75,
10416,22,100,11,2457.18,
10105,31,65.77,3,2038.87,
10119,38,65.77,12,2499.26,
10129,45,85.29,3,3838.05,
10143,31,85.29,16,2643.99,
10154,36,64.33,1,2315.88,
10167,46,70.11,10,3225.06,
10177,32,76.62,1,2451.84,
10185,39,57.82,1,2254.98,
10197,50,78.79,7,3939.5,
10208,46,74.45,1,3424.7,
10222,36,80.95,13,2914.2,
10233,29,82.4,1,2389.6,
10248,32,75.89,4,2428.48,
10261,44,68.67,2,3021.48,
10273,42,62.16,5,2610.72,
10283,47,65.77,7,3091.19,
10295,44,58.55,2,2576.2,
10306,43,75.17,1,3232.31,
10316,48,74.45,18,3573.6,
10327,21,96.31,1,2022.51,
10339,50,74.35,9,3717.5,
10350,29,75.35,12,2185.15,
10373,41,70.33,16,2883.53,
10386,37,100,10,5017.57,
10397,22,66.5,4,1463,
10414,31,75.89,4,2352.59,
10103,42,100,6,4460.82,
10114,42,100,10,4758.18,
10126,45,100,6,4597.2,
10140,36,100,6,4114.8,
10150,20,100,3,2104,
10164,39,81.93,4,3195.27,
10175,42,85.98,11,3611.16,
10183,23,86.99,3,2000.77,
10194,26,89.01,6,2314.26,
10206,33,100,1,3871.89,
10217,31,88,6,2728,
10229,50,100,11,5614,
10245,44,100,4,4628.8,
10258,45,80.92,1,3641.4,
10270,46,88,4,4048,
10281,27,85.98,11,2321.46,
10291,28,100,6,3256.96,
10304,40,100,1,4208,
10313,30,99.13,9,2973.9,
10324,34,100,5,4248.3,
10336,46,100,2,9558.8,
10348,32,82.83,7,2650.56,
10358,27,100,3,3761.37,
10371,34,100,3,4301.34,
10382,34,54.84,9,1864.56,
10411,34,100,4,3576.8,
10424,46,80.92,1,3722.32,
10106,32,100,1,3986.56,
10120,24,100,7,3417.12,
10133,27,99.67,2,2691.09,
10145,20,100,13,2752.6,
10168,36,100,8,4527.72,
10188,29,100,8,3957.05,
10210,25,100,6,2818,
10223,29,100,8,3199.86,
10235,25,96.11,2,2402.75,
10250,44,100,3,6055.72,
10263,47,100,9,5465.16,
10275,48,100,8,6378.72,
10285,45,100,13,5392.8,
10297,35,100,3,3986.5,
10308,31,100,6,4009.23,
10318,50,100,8,7119,
10328,33,100,11,4072.2,
10340,29,100,6,4094.51,
10353,48,68.8,4,3302.4,
10361,44,72.42,5,3186.48,
10375,25,66.73,10,1668.25,
10388,50,100,3,7154.5,
10398,23,100,9,2810.83,
10401,21,96.11,2,2018.31,
10416,41,100,3,5642.83,
10106,44,74.4,8,3273.6,
10120,43,76,14,3268,
10143,28,96,3,2688,
10155,43,86.4,1,3715.2,
10168,48,96,15,4608,
10199,38,82.4,3,3131.2,
10210,31,86.4,13,2678.4,
10223,26,67.2,15,1747.2,
10235,32,92,9,2944,
10250,44,67.2,10,2956.8,
10262,27,76,5,2052,
10275,43,73.6,15,3164.8,
10284,25,69.6,7,1740,
10296,22,80.8,3,1777.6,
10308,21,87.2,13,1831.2,
10316,48,75.2,5,3609.6,
10328,33,64,13,2112,
10341,34,100,5,3644.12,
10353,43,81.95,6,3523.85,
10361,44,100,10,5001.92,
10375,44,100,11,5208.72,
10386,32,94.34,17,3018.88,
10398,29,65.6,10,1902.4,
10401,77,92,9,7084,
10416,39,67.2,10,2620.8,
10105,39,81.14,6,3164.46,
10118,36,100,1,4219.2,
10129,42,91.15,6,3828.3,
10142,21,100,3,2334.99,
10153,50,88.15,2,4407.5,
10167,24,100,13,2812.8,
10177,44,92.16,4,4055.04,
10185,37,100,4,3891.66,
10197,27,92.16,10,2488.32,
10208,37,100,4,4447.4,
10222,38,100,16,4187.22,
10232,48,96.16,1,4615.68,
10248,30,100,7,3245.4,
10261,25,88.15,5,2203.75,
10273,40,86.15,8,3446,
10283,22,88.15,10,1939.3,
10295,34,100,5,3473.78,
10306,32,90.15,4,2884.8,
10315,31,86.15,3,2670.65,
10327,43,80,2,3440,
10337,31,89.38,1,2770.78,
10350,31,77.34,13,2397.54,
10373,34,96.34,2,3275.56,
10386,45,92.08,2,4143.6,
10397,48,100,3,5192.64,
10414,28,100,7,3029.04,
10105,22,100,7,2556.18,
10117,45,83.42,1,3753.9,
10129,30,85.41,7,2562.3,
10142,38,85.41,4,3245.58,
10153,20,100,3,2204.6,
10167,28,100,14,3003,
10177,24,100,5,2526.48,
10185,22,79.45,5,1747.9,
10197,35,93.35,11,3267.25,
10208,33,85.41,5,2818.53,
10222,31,95.34,17,2955.54,
10232,35,82.43,2,2885.05,
10248,35,90.37,8,3162.95,
10261,50,81.43,6,4071.5,
10273,26,100,9,2969.46,
10283,38,89.38,11,3396.44,
10294,45,100,1,4692.6,
10306,30,100,5,3515.7,
10315,37,91.37,4,3380.69,
10327,37,86.61,3,3204.57,
10337,36,71.89,7,2588.04,
10350,25,100,16,2854.75,
10373,37,100,8,4025.6,
10386,30,95.48,3,2864.4,
10397,36,100,2,3789.72,
10414,27,90.37,8,2439.99,
10106,48,61.44,10,2949.12,
10119,26,59.22,1,1539.72,
10131,26,85.13,2,2213.38,
10143,34,85.87,5,2919.58,
10155,44,85.87,3,3778.28,
10168,39,82.91,17,3233.49,
10178,45,76.25,2,3431.25,
10198,40,63.67,2,2546.8,
10210,42,70.33,15,2953.86,
10222,43,74.03,2,3183.29,
10235,34,72.55,11,2466.7,
10250,38,62.19,12,2363.22,
10262,35,71.07,7,2487.45,
10275,31,72.55,17,2249.05,
10284,32,64.41,9,2061.12,
10296,47,86.62,5,4071.14,
10308,39,68.11,15,2656.29,
10316,44,62.19,7,2736.36,
10328,39,85.87,12,3348.93,
10339,50,57.86,8,2893,
10352,22,75.51,1,1661.22,
10361,35,100,11,4277.35,
10373,45,55.62,17,2502.9,
10386,44,86.4,15,3801.6,
10398,36,87.36,12,3144.96,
10401,28,72.55,11,2031.4,
10416,43,62.19,12,2674.17,
10106,48,52.64,15,2526.72,
10119,28,48.17,6,1348.76,
10131,21,41.71,7,875.91,
10143,37,50.65,10,1874.05,
10155,34,49.16,8,1671.44,
10167,40,41.71,4,1668.4,
10178,45,51.15,7,2301.75,
10186,28,52.14,4,1459.92,
10197,29,41.71,1,1209.59,
10209,48,44.69,3,2145.12,
10222,31,45.69,7,1416.39,
10249,32,57.61,3,1843.52,
10262,21,57.11,12,1199.31,
10274,32,58.6,4,1875.2,
10283,43,57.61,1,2477.23,
10296,21,45.19,10,948.99,
10307,34,53.63,4,1823.42,
10316,34,43.7,12,1485.8,
10329,44,86.13,8,3789.72,
10339,27,76.31,6,2060.37,
10352,49,52.64,4,2579.36,
10361,23,95.2,12,2189.6,
10373,25,64.97,9,1624.25,
10386,50,87.15,16,4357.5,
10398,34,40.22,1,1367.48,
10400,20,56.12,4,1122.4,
10415,42,57.61,3,2419.62,
10105,25,56.78,8,1419.5,
10117,50,43.68,2,2184,
10129,32,64.97,8,2079.04,
10142,39,44.23,5,1724.97,
10153,50,60.06,4,3003,
10167,38,48.59,15,1846.42,
10177,40,50.23,6,2009.2,
10185,28,64.43,6,1804.04,
10197,42,50.23,12,2109.66,
10208,42,63.88,6,2682.96,
10222,36,63.34,18,2280.24,
10232,24,49.69,3,1192.56,
10248,23,65.52,9,1506.96,
10261,29,50.78,7,1472.62,
10273,37,45.86,10,1696.82,
10283,33,51.32,12,1693.56,
10293,32,60.06,1,1921.92,
10306,35,59.51,6,2082.85,
10315,40,55.69,5,2227.6,
10327,37,86.74,4,3209.38,
10337,42,97.16,5,4080.72,
10350,20,100,15,2244.4,
10373,29,100,1,3978.51,
10386,43,100,4,5417.57,
10397,34,62.24,1,2116.16,
10414,47,65.52,9,3079.44,
